user_id,session_id,session_duration,decision_count,undo_count,error_rate,break_taken,time_of_day,fatigue_score,fatigue_level
1,0,120,105,11,0.1,0,Evening,83.4,High
1,1,72,32,6,0.06,0,Evening,37.4,Medium
1,2,136,15,14,0.14,0,Afternoon,53.8,Medium
1,3,138,89,7,0.31,0,Morning,82.89999999999999,High
1,4,49,73,8,0.33,0,Morning,50.400000000000006,Medium
2,0,70,6,19,0.04,1,Morning,16.4,Low
2,1,54,117,7,0.16,0,Afternoon,67.39999999999999,High
3,0,108,26,18,0.16,0,Morning,51.6,Medium
3,1,174,62,1,0.19,0,Morning,79.30000000000001,High
3,2,12,21,17,0.2,1,Morning,5.800000000000001,Low
3,3,144,80,8,0.32,0,Afternoon,81.6,High
4,0,22,35,13,0.29,0,Evening,28.7,Low
4,1,164,30,0,0.13,0,Afternoon,62.49999999999999,High
4,2,150,63,10,0.12,1,Afternoon,60.400000000000006,High
4,3,35,43,5,0.32,0,Evening,32.9,Medium
4,4,139,44,15,0.0,0,Afternoon,65.3,High
5,0,174,92,18,0.13,0,Morning,97.5,High
5,1,178,106,6,0.32,0,Morning,101.40000000000002,High
5,2,64,35,4,0.06,1,Morning,20.400000000000006,Low
6,0,96,109,15,0.02,0,Afternoon,78.60000000000001,High
6,1,41,77,18,0.37,0,Afternoon,54.00000000000001,Medium
6,2,149,69,19,0.01,0,Morning,79.99999999999999,High
6,3,116,21,6,0.14,0,Evening,46.99999999999999,Medium
7,0,86,104,10,0.36,0,Evening,75.0,High
7,1,59,116,1,0.16,0,Evening,66.10000000000001,High
8,0,165,58,16,0.26,0,Evening,81.7,High
8,1,172,97,2,0.22,1,Afternoon,78.4,High
8,2,125,27,14,0.03,0,Evening,54.199999999999996,Medium
8,3,17,74,16,0.01,1,Afternoon,26.200000000000003,Low
8,4,93,86,14,0.11,1,Evening,53.999999999999986,Medium
9,0,71,103,18,0.14,1,Afternoon,56.10000000000001,Medium
9,1,175,99,6,0.33,1,Morning,82.8,High
9,2,98,86,9,0.27,1,Afternoon,55.099999999999994,Medium
9,3,152,60,12,0.12,1,Evening,60.599999999999994,High
10,0,95,54,5,0.06,0,Evening,52.7,Medium
10,1,16,49,13,0.39,1,Evening,18.5,Low
10,2,76,115,12,0.33,0,Afternoon,76.89999999999999,High
11,0,89,6,4,0.14,0,Morning,32.1,Medium
11,1,86,32,17,0.23,1,Afternoon,32.7,Medium
11,2,60,104,8,0.26,1,Morning,50.400000000000006,Medium
12,0,153,75,13,0.12,0,Evening,82.30000000000001,High
12,1,40,74,12,0.38,0,Afternoon,50.2,Medium
12,2,127,8,14,0.09,0,Morning,47.800000000000004,Medium
12,3,110,44,18,0.19,0,Afternoon,59.7,Medium
13,0,111,79,12,0.06,0,Afternoon,70.3,High
13,1,167,116,19,0.35,0,Evening,107.6,High
13,2,88,40,8,0.38,0,Evening,49.4,Medium
13,3,122,53,17,0.35,0,Morning,68.10000000000001,High
14,0,90,10,14,0.26,0,Afternoon,39.2,Medium
14,1,54,81,11,0.09,0,Morning,53.89999999999999,Medium
14,2,70,86,9,0.15,1,Evening,45.5,Medium
15,0,56,38,11,0.31,1,Morning,24.5,Low
15,1,52,93,8,0.14,1,Morning,42.400000000000006,Medium
16,0,73,110,12,0.21,0,Morning,72.8,High
16,1,11,92,13,0.4,0,Evening,49.300000000000004,Medium
16,2,28,113,15,0.36,0,Morning,63.2,High
16,3,111,6,5,0.12,0,Afternoon,38.9,Medium
17,0,72,93,5,0.3,0,Evening,63.8,High
17,1,55,93,16,0.31,0,Evening,63.2,High
17,2,14,40,5,0.2,0,Afternoon,24.2,Low
17,3,83,72,12,0.28,0,Afternoon,61.3,High
18,0,93,116,18,0.32,0,Morning,84.70000000000002,High
18,1,58,80,0,0.15,0,Evening,50.9,Medium
18,2,29,107,4,0.15,0,Afternoon,54.6,Medium
19,0,35,16,18,0.37,1,Morning,12.799999999999997,Low
19,1,172,97,12,0.16,0,Evening,96.8,High
20,0,87,84,10,0.12,1,Morning,49.900000000000006,Medium
20,1,86,68,2,0.28,1,Morning,41.599999999999994,Medium
20,2,95,76,10,0.17,1,Morning,49.60000000000001,Medium
21,0,131,36,8,0.32,1,Morning,45.1,Medium
21,1,76,82,16,0.0,0,Evening,62.00000000000001,High
21,2,88,98,17,0.13,1,Afternoon,58.69999999999999,Medium
21,3,122,107,7,0.34,1,Afternoon,70.60000000000001,High
21,4,75,31,16,0.32,1,Evening,29.5,Low
22,0,54,65,0,0.23,0,Morning,44.5,Medium
22,1,39,40,16,0.02,0,Afternoon,34.300000000000004,Medium
22,2,19,34,6,0.15,1,Evening,8.200000000000003,Low
22,3,99,34,7,0.02,1,Afternoon,31.299999999999997,Medium
23,0,161,101,8,0.16,0,Afternoon,93.5,High
23,1,150,60,5,0.21,0,Afternoon,73.1,High
23,2,43,108,6,0.33,0,Morning,61.8,High
24,0,83,11,13,0.39,0,Morning,38.4,Medium
24,1,98,15,1,0.14,0,Afternoon,37.199999999999996,Medium
24,2,81,51,4,0.35,0,Morning,49.800000000000004,Medium
25,0,105,92,4,0.14,0,Evening,71.30000000000001,High
25,1,56,67,18,0.17,0,Evening,52.50000000000001,Medium
25,2,28,64,5,0.12,0,Afternoon,37.2,Medium
25,3,179,54,6,0.28,1,Morning,65.5,High
25,4,134,26,6,0.27,0,Evening,55.699999999999996,Medium
26,0,88,50,1,0.13,0,Afternoon,48.099999999999994,Medium
26,1,89,116,10,0.04,0,Afternoon,77.50000000000001,High
26,2,133,77,10,0.09,1,Morning,60.60000000000001,High
26,3,128,39,11,0.26,0,Evening,61.0,High
26,4,63,100,11,0.19,0,Morning,65.2,High
27,0,42,19,8,0.22,1,Morning,10.599999999999998,Low
27,1,42,85,5,0.2,0,Morning,50.6,Medium
27,2,10,59,2,0.39,0,Evening,31.300000000000004,Medium
28,0,61,106,16,0.11,0,Afternoon,68.2,High
28,1,50,44,12,0.07,0,Afternoon,38.10000000000001,Medium
28,2,44,13,5,0.14,0,Morning,21.799999999999997,Low
28,3,18,32,13,0.06,1,Afternoon,9.0,Low
29,0,94,103,0,0.0,1,Morning,54.400000000000006,Medium
29,1,124,87,14,0.24,1,Afternoon,65.0,High
29,2,153,57,11,0.25,1,Afternoon,60.60000000000001,High
29,3,134,90,14,0.25,0,Morning,84.29999999999998,High
30,0,13,42,0,0.19,0,Morning,22.599999999999998,Low
30,1,20,61,8,0.23,0,Evening,35.9,Medium
30,2,98,20,14,0.2,0,Afternoon,45.0,Medium
31,0,98,117,18,0.07,1,Morning,69.10000000000001,High
31,1,79,35,1,0.34,1,Afternoon,26.5,Low
31,2,156,98,17,0.25,0,Morning,95.3,High
32,0,79,88,14,0.08,0,Evening,65.3,High
32,1,83,8,5,0.17,0,Morning,31.799999999999997,Medium
33,0,61,29,3,0.15,0,Evening,32.6,Medium
33,1,110,40,11,0.28,1,Morning,41.199999999999996,Medium
33,2,87,46,12,0.04,1,Morning,34.699999999999996,Medium
33,3,95,32,6,0.03,1,Afternoon,28.999999999999993,Low
34,0,95,73,7,0.34,0,Morning,63.9,High
34,1,37,80,8,0.39,1,Afternoon,35.2,Medium
34,2,148,49,7,0.15,1,Afternoon,53.3,Medium
34,3,53,32,16,0.15,0,Afternoon,36.6,Medium
34,4,125,39,1,0.22,0,Afternoon,55.7,Medium
35,0,49,111,10,0.14,0,Afternoon,64.50000000000001,High
35,1,175,91,14,0.27,1,Morning,82.2,High
36,0,66,85,17,0.18,0,Morning,62.39999999999999,High
36,1,128,111,10,0.25,1,Morning,74.30000000000001,High
36,2,50,30,17,0.01,0,Morning,33.9,Medium
37,0,154,74,8,0.4,1,Afternoon,68.0,High
37,1,106,36,6,0.26,0,Evening,51.199999999999996,Medium
37,2,100,6,0,0.06,0,Afternoon,33.0,Medium
37,3,52,23,16,0.11,0,Morning,32.300000000000004,Medium
37,4,99,24,3,0.16,0,Afternoon,42.1,Medium
38,0,87,45,0,0.3,0,Afternoon,47.099999999999994,Medium
38,1,52,49,11,0.14,1,Afternoon,26.0,Low
38,2,87,87,16,0.39,1,Morning,56.20000000000002,Medium
38,3,144,21,7,0.24,0,Morning,56.79999999999999,Medium
39,0,10,30,3,0.22,0,Afternoon,18.4,Low
39,1,92,12,7,0.23,0,Evening,37.49999999999999,Medium
39,2,176,103,6,0.28,0,Morning,99.2,High
40,0,139,118,9,0.38,0,Evening,96.3,High
40,1,135,30,8,0.14,1,Afternoon,42.1,Medium
40,2,177,98,12,0.39,1,Morning,86.00000000000001,High
40,3,173,49,19,0.07,0,Evening,79.8,High
41,0,86,62,0,0.02,1,Afternoon,35.800000000000004,Medium
41,1,65,55,0,0.36,0,Afternoon,45.1,Medium
41,2,128,97,3,0.34,1,Morning,66.80000000000001,High
41,3,169,69,4,0.14,0,Afternoon,81.3,High
42,0,48,12,8,0.27,0,Morning,25.099999999999998,Low
42,1,139,84,15,0.06,0,Afternoon,81.89999999999999,High
42,2,116,89,9,0.34,1,Morning,62.400000000000006,High
42,3,73,25,13,0.15,1,Morning,23.6,Low
42,4,57,93,0,0.3,1,Morning,42.3,Medium
43,0,130,119,14,0.22,1,Morning,79.39999999999999,High
43,1,117,102,10,0.32,0,Afternoon,83.10000000000001,High
43,2,146,51,4,0.29,0,Afternoon,68.7,High
43,3,135,12,19,0.37,1,Afternoon,41.6,Medium
44,0,165,48,0,0.05,1,Morning,54.2,Medium
44,1,150,41,14,0.36,0,Evening,70.6,High
44,2,147,60,9,0.19,0,Morning,73.6,High
44,3,113,41,1,0.21,0,Afternoon,52.8,Medium
45,0,100,33,17,0.34,1,Morning,38.4,Medium
45,1,147,93,16,0.21,0,Evening,89.80000000000001,High
45,2,100,112,13,0.17,0,Evening,81.70000000000002,High
45,3,49,74,8,0.08,0,Afternoon,48.3,Medium
46,0,155,113,10,0.27,1,Evening,83.4,High
46,1,10,6,18,0.23,0,Evening,14.900000000000002,Low
46,2,82,42,14,0.06,1,Afternoon,32.6,Medium
46,3,159,107,1,0.17,0,Morning,92.60000000000001,High
46,4,50,40,14,0.28,0,Evening,39.4,Medium
47,0,111,36,12,0.37,1,Evening,41.2,Medium
47,1,12,72,12,0.39,1,Morning,26.1,Low
47,2,105,97,4,0.22,0,Evening,74.10000000000001,High
47,3,17,20,17,0.16,1,Morning,6.5,Low
47,4,37,32,13,0.14,1,Morning,15.499999999999996,Low
48,0,45,85,1,0.03,0,Afternoon,48.199999999999996,Medium
48,1,148,54,1,0.31,0,Afternoon,69.5,High
48,2,44,62,5,0.38,0,Evening,43.8,Medium
48,3,43,54,17,0.18,0,Evening,43.099999999999994,Medium
48,4,59,98,6,0.27,0,Morning,62.00000000000001,High
49,0,112,6,15,0.13,0,Afternoon,43.3,Medium
49,1,146,13,6,0.33,0,Evening,54.699999999999996,Medium
49,2,13,64,11,0.23,0,Morning,36.199999999999996,Medium
49,3,135,68,6,0.07,0,Afternoon,70.80000000000001,High
50,0,51,118,9,0.16,0,Afternoon,67.69999999999999,High
50,1,113,86,12,0.4,0,Morning,77.1,High
50,2,70,75,11,0.35,0,Morning,58.9,Medium
50,3,28,29,6,0.07,1,Afternoon,8.099999999999998,Low
51,0,54,24,19,0.4,0,Evening,37.4,Medium
51,1,94,75,6,0.01,0,Afternoon,60.7,High
51,2,18,118,6,0.14,1,Evening,41.4,Medium
51,3,90,27,8,0.07,1,Morning,26.700000000000003,Low
51,4,50,37,19,0.24,1,Morning,24.799999999999997,Low
52,0,109,46,4,0.13,1,Afternoon,38.99999999999999,Medium
52,1,122,116,7,0.34,1,Morning,74.2,High
52,2,75,35,17,0.17,0,Evening,45.0,Medium
53,0,107,77,9,0.19,0,Afternoon,68.4,High
53,1,174,52,19,0.37,0,Afternoon,84.3,High
53,2,49,103,16,0.09,0,Evening,63.2,High
53,3,57,40,2,0.07,1,Morning,19.599999999999994,Low
54,0,60,76,10,0.03,0,Morning,52.7,Medium
54,1,78,11,15,0.29,1,Afternoon,21.699999999999996,Low
55,0,48,7,9,0.31,1,Morning,8.900000000000002,Low
55,1,59,107,8,0.23,0,Evening,66.0,High
56,0,99,54,6,0.13,1,Morning,39.99999999999999,Medium
56,1,164,108,18,0.35,0,Morning,103.10000000000001,High
56,2,91,114,19,0.22,0,Morning,82.7,High
56,3,21,90,10,0.13,1,Evening,32.599999999999994,Medium
56,4,121,39,8,0.06,0,Evening,55.7,Medium
57,0,164,83,19,0.05,1,Morning,75.5,High
57,1,18,106,7,0.19,0,Evening,52.5,Medium
58,0,25,99,19,0.21,0,Morning,56.800000000000004,Medium
58,1,91,83,13,0.37,0,Afternoon,69.4,High
59,0,59,45,9,0.26,1,Morning,26.900000000000006,Low
59,1,112,82,15,0.14,0,Morning,73.80000000000001,High
59,2,93,57,4,0.07,1,Afternoon,38.00000000000001,Medium
59,3,79,65,4,0.26,1,Morning,38.900000000000006,Medium
59,4,148,88,12,0.17,0,Afternoon,86.1,High
60,0,143,88,13,0.23,0,Evening,85.6,High
60,1,81,57,1,0.29,1,Morning,35.4,Medium
61,0,56,39,14,0.28,0,Evening,40.800000000000004,Medium
61,1,124,11,6,0.05,1,Morning,29.499999999999993,Low
61,2,90,114,0,0.14,0,Evening,74.0,High
61,3,159,53,8,0.35,1,Morning,60.60000000000001,High
61,4,107,99,18,0.13,0,Afternoon,80.2,High
62,0,165,34,14,0.33,0,Afternoon,72.0,High
62,1,10,62,18,0.15,1,Evening,21.5,Low
62,2,176,34,3,0.11,1,Evening,53.7,Medium
62,3,137,39,14,0.39,0,Morning,66.2,High
63,0,19,88,12,0.21,0,Evening,47.800000000000004,Medium
63,1,158,103,1,0.09,1,Evening,74.9,High
63,2,122,50,14,0.04,1,Morning,47.6,Medium
64,0,107,114,2,0.38,0,Morning,82.3,High
64,1,77,75,11,0.09,0,Morning,58.39999999999999,Medium
64,2,73,112,4,0.21,0,Morning,70.39999999999999,High
65,0,139,15,8,0.28,0,Afternoon,53.699999999999996,Medium
65,1,23,32,15,0.11,1,Evening,11.8,Low
65,2,115,7,10,0.01,0,Morning,41.4,Medium
65,3,125,64,1,0.34,0,Morning,66.9,High
66,0,164,70,2,0.29,0,Morning,80.89999999999999,High
66,1,62,60,0,0.24,0,Morning,44.99999999999999,Medium
66,2,174,30,12,0.35,0,Afternoon,72.49999999999999,High
66,3,154,112,0,0.28,0,Afternoon,93.8,High
66,4,118,57,15,0.37,0,Morning,67.9,High
67,0,74,92,10,0.2,0,Morning,65.0,High
67,1,162,90,6,0.03,0,Afternoon,87.3,High
67,2,60,18,19,0.31,0,Evening,35.9,Medium
67,3,110,14,17,0.37,0,Afternoon,49.10000000000001,Medium
68,0,78,63,14,0.18,0,Morning,56.0,Medium
68,1,78,53,6,0.38,0,Evening,50.8,Medium
68,2,168,26,17,0.06,1,Morning,53.19999999999999,Medium
68,3,157,103,15,0.39,1,Evening,83.20000000000002,High
69,0,90,84,2,0.09,1,Afternoon,47.3,Medium
69,1,153,48,15,0.22,0,Evening,73.3,High
70,0,169,27,1,0.32,0,Morning,65.1,High
70,1,46,31,19,0.12,0,Evening,35.0,Medium
71,0,135,17,5,0.24,0,Afternoon,51.699999999999996,Medium
71,1,107,65,17,0.29,1,Afternoon,52.80000000000001,Medium
71,2,53,57,4,0.19,1,Morning,27.200000000000003,Low
72,0,145,14,12,0.08,1,Evening,39.7,Medium
72,1,161,57,9,0.0,1,Afternoon,59.69999999999999,Medium
73,0,125,114,18,0.37,0,Morning,94.0,High
73,1,105,11,5,0.14,0,Afternoon,39.3,Medium
73,2,119,104,3,0.29,1,Morning,66.4,High
74,0,53,7,3,0.16,0,Afternoon,21.5,Low
74,1,65,79,16,0.02,1,Morning,42.7,Medium
74,2,82,76,8,0.26,0,Morning,60.800000000000004,High
75,0,122,5,9,0.18,0,Morning,44.0,Medium
75,1,53,116,19,0.18,0,Afternoon,71.7,High
75,2,33,25,10,0.26,0,Morning,26.5,Low
75,3,136,49,18,0.35,1,Afternoon,56.099999999999994,Medium
75,4,175,108,17,0.09,0,Morning,103.4,High
76,0,16,66,15,0.14,0,Morning,38.6,Medium
76,1,132,89,11,0.37,1,Evening,68.30000000000001,High
76,2,161,65,17,0.39,0,Evening,85.0,High
76,3,170,36,4,0.1,0,Afternoon,68.0,High
76,4,176,7,17,0.2,0,Afternoon,64.39999999999999,High
77,0,177,33,3,0.21,0,Afternoon,69.6,High
77,1,110,111,3,0.28,0,Evening,81.4,High
77,2,113,116,7,0.06,0,Morning,83.7,High
78,0,89,67,16,0.02,0,Morning,60.1,High
78,1,165,110,19,0.05,1,Evening,86.6,High
79,0,118,5,1,0.03,0,Morning,38.099999999999994,Medium
79,1,92,53,12,0.21,1,Evening,40.699999999999996,Medium
79,2,75,97,5,0.17,0,Morning,65.0,High
79,3,109,30,1,0.1,0,Morning,46.099999999999994,Medium
80,0,74,21,18,0.34,1,Morning,26.200000000000003,Low
80,1,43,96,0,0.2,0,Morning,53.300000000000004,Medium
81,0,39,90,2,0.2,1,Evening,35.5,Medium
81,1,145,61,3,0.39,0,Evening,73.00000000000001,High
81,2,107,75,0,0.04,0,Afternoon,62.5,High
81,3,171,116,2,0.13,0,Morning,99.8,High
82,0,75,29,11,0.07,1,Evening,24.200000000000003,Low
82,1,176,14,13,0.01,1,Morning,48.7,Medium
83,0,135,86,5,0.21,1,Afternoon,64.0,High
83,1,158,112,2,0.26,0,Afternoon,95.6,High
83,2,124,74,6,0.23,0,Evening,71.5,High
83,3,106,48,8,0.1,0,Evening,55.2,Medium
83,4,50,21,17,0.03,1,Afternoon,15.5,Low
84,0,88,94,19,0.08,0,Evening,72.39999999999999,High
84,1,70,7,16,0.37,1,Afternoon,18.900000000000006,Low
85,0,117,22,3,0.05,1,Morning,30.60000000000001,Medium
85,1,105,73,16,0.36,1,Afternoon,55.7,Medium
86,0,133,14,19,0.27,0,Morning,55.800000000000004,Medium
86,1,79,83,19,0.35,1,Afternoon,53.0,Medium
87,0,41,6,17,0.3,0,Morning,24.5,Low
87,1,73,74,3,0.13,0,Morning,54.0,Medium
87,2,100,5,9,0.37,1,Afternoon,24.300000000000004,Low
87,3,116,68,7,0.33,1,Afternoon,53.099999999999994,Medium
88,0,16,50,0,0.22,0,Afternoon,27.0,Low
88,1,66,50,14,0.27,0,Evening,48.1,Medium
88,2,73,22,9,0.05,1,Afternoon,19.799999999999997,Low
88,3,85,26,7,0.1,1,Afternoon,24.699999999999996,Low
89,0,173,15,2,0.1,1,Morning,44.699999999999996,Medium
89,1,122,79,17,0.16,0,Evening,76.6,High
90,0,30,34,13,0.3,0,Evening,30.8,Medium
90,1,91,89,11,0.08,0,Afternoon,68.10000000000001,High
90,2,69,73,7,0.28,0,Evening,55.5,Medium
90,3,17,75,2,0.13,1,Afternoon,22.199999999999996,Low
91,0,87,105,17,0.01,0,Evening,74.99999999999999,High
91,1,15,27,7,0.31,0,Afternoon,21.200000000000003,Low
92,0,22,114,9,0.35,1,Evening,44.300000000000004,Medium
92,1,51,99,12,0.25,0,Afternoon,62.2,High
93,0,136,17,10,0.39,0,Afternoon,55.49999999999999,Medium
93,1,113,89,14,0.18,0,Evening,76.89999999999999,High
93,2,138,24,14,0.09,1,Evening,42.5,Medium
94,0,117,62,19,0.36,1,Morning,56.099999999999994,Medium
94,1,172,24,12,0.35,0,Evening,69.5,High
94,2,116,68,5,0.28,0,Evening,66.8,High
94,3,18,104,13,0.3,0,Afternoon,55.2,Medium
94,4,154,15,18,0.24,1,Morning,46.8,Medium
95,0,110,103,7,0.33,0,Evening,80.3,High
95,1,74,91,2,0.01,0,Evening,59.49999999999999,Medium
96,0,158,24,5,0.07,1,Afternoon,44.7,Medium
96,1,13,104,17,0.36,0,Afternoon,55.9,Medium
96,2,120,6,6,0.26,1,Morning,28.4,Low
97,0,13,96,14,0.12,1,Evening,34.10000000000001,Medium
97,1,50,52,15,0.32,0,Afternoon,45.0,Medium
97,2,12,51,15,0.1,0,Afternoon,31.0,Medium
97,3,82,17,3,0.15,1,Evening,19.1,Low
97,4,35,71,5,0.02,1,Evening,26.10000000000001,Low
98,0,74,46,16,0.01,0,Afternoon,47.1,Medium
98,1,114,10,0,0.03,0,Morning,38.49999999999999,Medium
98,2,74,118,4,0.02,1,Afternoon,56.2,Medium
98,3,140,20,5,0.17,0,Morning,53.7,Medium
98,4,178,14,17,0.01,0,Afternoon,65.89999999999999,High
99,0,95,5,4,0.39,0,Morning,36.0,Medium
99,1,73,70,12,0.1,0,Afternoon,55.7,Medium
99,2,174,53,18,0.17,0,Morning,82.30000000000001,High
99,3,13,17,12,0.07,0,Morning,16.200000000000003,Low
99,4,146,86,18,0.08,1,Afternoon,71.19999999999999,High
100,0,121,41,0,0.14,1,Evening,39.1,Medium
100,1,122,40,15,0.37,1,Afternoon,47.300000000000004,Medium
100,2,97,59,1,0.31,0,Afternoon,56.2,Medium
101,0,112,103,1,0.12,1,Afternoon,61.40000000000002,High
101,1,17,49,11,0.03,0,Afternoon,29.400000000000002,Low
101,2,24,60,1,0.1,1,Evening,17.599999999999994,Low
101,3,70,100,12,0.02,1,Evening,51.0,Medium
102,0,49,10,18,0.25,1,Evening,13.399999999999999,Low
102,1,89,44,12,0.16,1,Afternoon,35.699999999999996,Medium
102,2,133,85,2,0.02,1,Evening,59.900000000000006,Medium
103,0,95,105,8,0.23,0,Morning,76.0,High
103,1,26,106,15,0.34,1,Morning,44.6,Medium
103,2,156,28,16,0.18,0,Morning,66.2,High
103,3,47,84,19,0.37,0,Afternoon,59.00000000000001,Medium
103,4,86,29,13,0.31,0,Evening,45.70000000000001,Medium
104,0,100,8,4,0.28,1,Morning,22.6,Low
104,1,129,68,8,0.37,0,Morning,72.80000000000001,High
104,2,63,77,17,0.11,0,Morning,57.6,Medium
104,3,85,63,16,0.19,0,Morning,59.0,Medium
105,0,19,82,13,0.17,0,Evening,45.40000000000001,Medium
105,1,109,80,2,0.17,0,Afternoon,67.19999999999999,High
105,2,16,28,18,0.24,1,Afternoon,10.599999999999998,Low
106,0,118,33,15,0.3,1,Morning,42.6,Medium
106,1,165,28,13,0.16,0,Afternoon,67.5,High
106,2,19,81,2,0.21,0,Morning,41.0,Medium
106,3,23,91,4,0.09,0,Morning,45.8,Medium
106,4,155,43,1,0.34,1,Evening,52.500000000000014,Medium
107,0,13,81,1,0.12,1,Afternoon,22.9,Low
107,1,94,13,4,0.05,1,Afternoon,20.5,Low
107,2,161,43,11,0.22,0,Afternoon,72.10000000000001,High
107,3,72,105,14,0.37,0,Morning,72.89999999999999,High
108,0,107,55,11,0.08,0,Morning,59.3,Medium
108,1,32,97,6,0.04,0,Morning,51.2,Medium
108,2,172,38,1,0.21,1,Morning,54.3,Medium
108,3,65,34,12,0.38,1,Afternoon,26.700000000000003,Low
109,0,151,55,18,0.12,0,Morning,75.7,High
109,1,80,62,6,0.11,0,Morning,52.3,Medium
109,2,159,111,17,0.09,0,Afternoon,99.8,High
109,3,37,86,15,0.02,0,Morning,51.7,Medium
110,0,34,84,19,0.19,0,Morning,53.3,Medium
110,1,72,66,8,0.39,0,Afternoon,55.1,Medium
111,0,24,17,18,0.13,1,Morning,7.5,Low
111,1,54,78,4,0.39,1,Morning,37.900000000000006,Medium
111,2,102,95,11,0.1,1,Evening,59.0,Medium
111,3,123,24,10,0.21,1,Afternoon,37.6,Medium
112,0,160,117,5,0.3,0,Morning,99.80000000000001,High
112,1,108,62,14,0.15,1,Evening,49.30000000000001,Medium
112,2,149,39,7,0.13,1,Afternoon,49.39999999999999,Medium
112,3,69,92,3,0.01,1,Afternoon,43.800000000000004,Medium
112,4,66,22,15,0.26,0,Morning,37.2,Medium
113,0,68,80,2,0.27,0,Afternoon,55.9,Medium
113,1,71,118,16,0.09,0,Morning,75.80000000000001,High
113,2,117,53,14,0.18,0,Evening,63.7,High
113,3,33,99,13,0.36,1,Morning,43.300000000000004,Medium
114,0,30,41,12,0.37,0,Evening,33.900000000000006,Medium
114,1,113,79,16,0.39,1,Morning,60.80000000000001,High
114,2,92,67,6,0.36,1,Morning,45.4,Medium
114,3,117,107,10,0.17,1,Afternoon,68.60000000000001,High
115,0,121,107,2,0.36,0,Morning,83.49999999999999,High
115,1,17,14,11,0.06,0,Morning,15.7,Low
116,0,29,116,13,0.33,0,Afternoon,63.60000000000001,High
116,1,136,116,1,0.38,0,Evening,91.4,High
116,2,157,72,11,0.09,1,Morning,66.20000000000002,High
116,3,71,101,17,0.02,0,Evening,68.7,High
117,0,107,114,11,0.01,0,Evening,82.2,High
117,1,33,73,0,0.17,0,Afternoon,40.800000000000004,Medium
117,2,149,109,3,0.4,0,Afternoon,93.5,High
117,3,45,116,19,0.3,1,Evening,55.5,Medium
118,0,39,41,3,0.01,0,Afternoon,29.400000000000002,Low
118,1,157,40,3,0.05,0,Afternoon,64.8,High
119,0,108,28,10,0.13,0,Morning,48.9,Medium
119,1,137,18,15,0.31,0,Evening,57.400000000000006,Medium
120,0,65,54,1,0.18,0,Morning,43.3,Medium
120,1,24,97,0,0.01,0,Morning,46.1,Medium
120,2,32,68,8,0.23,1,Afternoon,27.300000000000004,Low
120,3,171,116,7,0.34,0,Afternoon,103.9,High
121,0,112,74,16,0.35,1,Morning,58.10000000000001,Medium
121,1,33,45,16,0.31,1,Evening,22.4,Low
121,2,134,6,19,0.37,1,Afternoon,38.9,Medium
122,0,159,66,9,0.26,1,Afternoon,65.29999999999998,High
122,1,124,47,17,0.22,0,Evening,65.0,High
122,2,124,118,15,0.22,0,Evening,92.60000000000001,High
122,3,30,19,7,0.05,1,Evening,4.900000000000002,Low
122,4,32,73,19,0.2,0,Morning,48.400000000000006,Medium
123,0,126,72,15,0.0,0,Morning,72.6,High
123,1,80,64,16,0.04,0,Morning,56.4,Medium
123,2,35,62,19,0.03,0,Afternoon,43.199999999999996,Medium
123,3,174,105,10,0.08,0,Morning,98.99999999999999,High
123,4,74,52,0,0.19,0,Morning,44.9,Medium
124,0,177,14,2,0.26,1,Evening,47.1,Medium
124,1,82,59,2,0.14,1,Morning,35.4,Medium
124,2,82,110,6,0.29,0,Afternoon,73.9,High
124,3,54,116,8,0.27,0,Afternoon,68.50000000000001,High
125,0,37,79,5,0.16,0,Morning,46.300000000000004,Medium
125,1,167,107,8,0.38,1,Morning,84.9,High
126,0,74,96,9,0.09,0,Afternoon,65.10000000000001,High
126,1,51,26,8,0.04,1,Afternoon,14.299999999999997,Low
126,2,110,38,5,0.22,1,Evening,37.400000000000006,Medium
126,3,68,59,6,0.17,1,Evening,33.1,Medium
127,0,113,38,11,0.32,1,Afternoon,41.7,Medium
127,1,83,48,4,0.07,1,Morning,31.400000000000006,Medium
127,2,26,73,7,0.24,1,Evening,27.199999999999996,Low
128,0,157,82,15,0.03,1,Afternoon,71.2,High
128,1,48,109,3,0.35,1,Morning,47.7,Medium
128,2,130,22,10,0.18,0,Afternoon,53.599999999999994,Medium
128,3,30,7,16,0.21,0,Evening,20.300000000000004,Low
128,4,109,31,9,0.14,0,Afternoon,50.099999999999994,Medium
129,0,36,46,9,0.23,0,Afternoon,35.1,Medium
129,1,179,73,17,0.27,1,Evening,77.4,High
129,2,35,67,7,0.01,0,Evening,40.199999999999996,Medium
129,3,95,98,19,0.02,0,Afternoon,75.5,High
129,4,152,33,18,0.07,1,Evening,51.7,Medium
130,0,130,102,3,0.24,0,Afternoon,83.40000000000002,High
130,1,37,58,10,0.3,0,Evening,41.300000000000004,Medium
130,2,135,117,5,0.1,0,Evening,90.30000000000001,High
131,0,20,71,3,0.08,0,Evening,36.400000000000006,Medium
131,1,99,19,9,0.15,0,Morning,42.4,Medium
132,0,111,76,9,0.36,0,Morning,70.89999999999999,High
132,1,16,80,1,0.24,0,Afternoon,39.599999999999994,Medium
133,0,114,117,15,0.19,0,Evening,88.9,High
133,1,77,61,12,0.35,0,Morning,55.8,Medium
134,0,100,15,14,0.25,0,Afternoon,44.1,Medium
134,1,153,52,5,0.2,1,Evening,55.7,Medium
134,2,153,73,14,0.21,1,Evening,67.79999999999998,High
135,0,86,101,3,0.24,0,Morning,69.80000000000001,High
135,1,70,115,0,0.17,1,Evening,53.7,Medium
136,0,169,99,5,0.28,1,Afternoon,80.1,High
136,1,15,107,18,0.29,0,Afternoon,57.400000000000006,Medium
137,0,81,81,6,0.16,0,Evening,60.7,High
137,1,132,72,16,0.07,0,Evening,75.50000000000001,High
137,2,135,88,15,0.11,0,Afternoon,82.8,High
138,0,129,6,16,0.2,1,Morning,34.49999999999999,Medium
138,1,117,50,18,0.4,1,Evening,51.30000000000001,Medium
138,2,15,97,8,0.13,0,Evening,47.800000000000004,Medium
139,0,162,16,4,0.17,0,Morning,58.300000000000004,Medium
139,1,142,105,11,0.23,0,Afternoon,91.3,High
139,2,96,51,10,0.2,0,Morning,55.2,Medium
139,3,106,7,19,0.04,0,Evening,42.599999999999994,Medium
140,0,19,74,1,0.3,1,Evening,23.700000000000003,Low
140,1,79,112,12,0.31,0,Morning,76.39999999999999,High
141,0,151,9,8,0.18,0,Morning,53.9,Medium
141,1,173,32,8,0.11,0,Afternoon,69.0,High
141,2,76,18,10,0.19,1,Evening,20.9,Low
141,3,170,115,15,0.03,0,Evening,103.3,High
142,0,85,116,18,0.16,0,Morning,80.7,High
142,1,101,79,10,0.1,1,Evening,51.900000000000006,Medium
142,2,69,113,10,0.31,0,Afternoon,73.0,High
142,3,165,71,11,0.02,1,Morning,67.50000000000001,High
143,0,58,55,12,0.14,0,Evening,45.6,Medium
143,1,136,119,3,0.32,0,Morning,92.80000000000001,High
143,2,52,105,19,0.28,0,Evening,68.0,High
144,0,163,61,4,0.09,0,Evening,75.8,High
144,1,141,58,17,0.03,0,Afternoon,72.6,High
144,2,59,20,1,0.24,1,Morning,13.499999999999996,Low
144,3,52,107,5,0.15,0,Afternoon,61.900000000000006,High
145,0,116,55,3,0.34,0,Morning,61.4,High
145,1,89,10,10,0.17,0,Afternoon,36.400000000000006,Medium
146,0,56,17,5,0.31,0,Evening,28.700000000000003,Low
146,1,148,65,5,0.37,1,Evening,61.10000000000001,High
146,2,70,61,8,0.38,0,Morning,52.400000000000006,Medium
147,0,174,7,6,0.39,0,Evening,61.29999999999999,High
147,1,111,40,4,0.12,1,Morning,37.1,Medium
147,2,33,106,4,0.3,0,Morning,56.900000000000006,Medium
148,0,120,85,1,0.06,0,Morning,71.0,High
148,1,15,89,1,0.34,1,Morning,28.9,Low
148,2,159,10,7,0.3,0,Afternoon,57.49999999999999,Medium
148,3,157,68,19,0.32,0,Afternoon,85.10000000000001,High
149,0,102,35,2,0.19,1,Evening,32.29999999999999,Medium
149,1,174,18,8,0.25,0,Evening,65.1,High
149,2,152,110,11,0.35,0,Morning,97.5,High
149,3,142,42,4,0.11,1,Afternoon,47.10000000000001,Medium
150,0,130,105,11,0.06,0,Morning,86.0,High
150,1,138,7,18,0.26,1,Morning,39.0,Medium
150,2,67,35,0,0.16,0,Afternoon,35.699999999999996,Medium
150,3,33,74,19,0.33,1,Evening,35.4,Medium
150,4,65,42,18,0.07,0,Afternoon,44.2,Medium
151,0,22,39,5,0.11,0,Evening,25.300000000000004,Low
151,1,19,100,0,0.12,0,Afternoon,46.900000000000006,Medium
152,0,131,55,13,0.25,1,Afternoon,54.0,Medium
152,1,33,15,15,0.3,0,Morning,24.9,Low
152,2,168,40,2,0.39,0,Morning,71.10000000000001,High
152,3,46,68,9,0.14,0,Afternoon,46.0,Medium
152,4,83,72,17,0.12,0,Morning,61.7,High
153,0,173,8,17,0.01,0,Afternoon,62.00000000000001,High
153,1,26,87,19,0.3,1,Evening,38.2,Medium
154,0,122,51,14,0.25,1,Morning,50.099999999999994,Medium
154,1,60,91,13,0.3,0,Afternoon,62.6,High
154,2,109,36,14,0.2,0,Afternoon,54.699999999999996,Medium
154,3,116,47,6,0.18,1,Morning,42.79999999999999,Medium
154,4,35,70,19,0.21,0,Afternoon,48.2,Medium
155,0,81,32,16,0.18,1,Morning,30.299999999999997,Medium
155,1,118,76,17,0.04,1,Evening,58.0,Medium
155,2,125,52,19,0.24,0,Afternoon,68.3,High
156,0,44,89,17,0.0,1,Evening,40.599999999999994,Medium
156,1,52,84,9,0.08,1,Afternoon,38.6,Medium
156,2,151,79,16,0.11,0,Evening,84.4,High
156,3,54,97,9,0.26,1,Afternoon,46.2,Medium
157,0,160,32,18,0.13,0,Evening,69.3,High
157,1,163,61,8,0.07,0,Morning,77.2,High
157,2,164,61,10,0.39,1,Afternoon,66.5,High
157,3,19,13,5,0.33,0,Evening,16.2,Low
157,4,142,14,3,0.23,1,Morning,36.7,Medium
158,0,31,10,2,0.22,0,Morning,16.3,Low
158,1,148,116,13,0.06,0,Afternoon,96.60000000000001,High
158,2,47,51,10,0.32,0,Morning,41.7,Medium
159,0,64,109,8,0.07,0,Morning,66.7,High
159,1,166,66,10,0.09,0,Afternoon,81.10000000000001,High
159,2,121,64,18,0.33,1,Afternoon,57.39999999999999,Medium
159,3,89,82,4,0.16,1,Morning,47.7,Medium
160,0,129,64,11,0.25,1,Afternoon,56.2,Medium
160,1,92,92,8,0.23,1,Evening,54.900000000000006,Medium
161,0,82,108,8,0.33,1,Evening,59.3,Medium
161,1,60,91,10,0.07,0,Evening,59.1,Medium
161,2,116,75,10,0.12,0,Evening,70.0,High
161,3,158,28,3,0.32,1,Afternoon,48.00000000000001,Medium
162,0,58,20,18,0.16,1,Afternoon,19.200000000000003,Low
162,1,156,101,10,0.37,1,Afternoon,79.9,High
163,0,136,105,19,0.19,0,Afternoon,92.3,High
163,1,31,22,12,0.31,0,Morning,26.000000000000004,Low
163,2,101,109,14,0.02,0,Morning,79.7,High
164,0,91,32,15,0.11,0,Morning,47.2,Medium
164,1,40,85,9,0.29,0,Evening,52.5,Medium
164,2,114,70,7,0.15,0,Morning,66.5,High
165,0,88,68,17,0.07,0,Morning,61.10000000000001,High
165,1,84,77,16,0.19,0,Evening,64.3,High
166,0,161,81,2,0.38,1,Evening,70.29999999999998,High
166,1,119,77,14,0.24,0,Morning,74.5,High
166,2,117,5,14,0.28,1,Afternoon,30.5,Medium
167,0,84,45,4,0.23,1,Evening,32.1,Medium
167,1,42,51,12,0.2,1,Morning,24.799999999999997,Low
168,0,56,16,19,0.21,0,Morning,32.900000000000006,Medium
168,1,67,30,6,0.07,1,Evening,20.199999999999996,Low
168,2,125,94,1,0.1,1,Afternoon,61.5,High
168,3,14,77,17,0.38,1,Morning,30.599999999999994,Medium
168,4,112,90,11,0.09,1,Afternoon,59.900000000000006,Medium
169,0,100,85,19,0.07,0,Afternoon,72.3,High
169,1,171,21,19,0.07,0,Morning,68.0,High
169,2,145,76,4,0.29,0,Evening,78.4,High
170,0,91,24,10,0.04,1,Evening,26.300000000000004,Low
170,1,126,96,18,0.18,1,Evening,70.2,High
170,2,111,40,2,0.09,0,Afternoon,50.99999999999999,Medium
170,3,130,23,4,0.16,0,Evening,51.400000000000006,Medium
170,4,149,102,4,0.09,0,Afternoon,88.0,High
171,0,53,44,8,0.38,1,Afternoon,25.5,Low
171,1,15,70,13,0.23,1,Afternoon,25.0,Low
172,0,97,90,0,0.08,0,Morning,65.89999999999999,High
172,1,35,70,1,0.36,1,Afternoon,27.5,Low
173,0,38,55,12,0.11,0,Morning,39.300000000000004,Medium
173,1,160,38,1,0.04,1,Afternoon,49.0,Medium
174,0,177,43,6,0.26,0,Evening,75.3,High
174,1,40,47,9,0.36,0,Evening,38.0,Medium
175,0,58,114,16,0.16,0,Morning,71.0,High
175,1,132,35,1,0.29,0,Morning,56.9,Medium
175,2,138,116,0,0.1,1,Evening,73.80000000000001,High
175,3,111,76,16,0.13,0,Evening,71.4,High
175,4,108,25,4,0.26,1,Morning,31.6,Medium
176,0,167,92,4,0.16,1,Evening,75.1,High
176,1,127,75,13,0.02,0,Morning,73.5,High
176,2,71,41,15,0.18,0,Afternoon,45.5,Medium
177,0,11,8,0,0.05,0,Afternoon,7.0,Low
177,1,129,82,14,0.08,0,Evening,77.89999999999999,High
177,2,121,59,5,0.35,0,Morning,65.4,High
177,3,150,56,14,0.24,0,Evening,75.4,High
177,4,173,81,17,0.02,1,Evening,76.3,High
178,0,85,59,4,0.24,1,Evening,38.1,Medium
178,1,70,66,6,0.24,0,Afternoon,52.2,Medium
179,0,139,110,9,0.29,0,Afternoon,92.19999999999999,High
179,1,71,92,18,0.2,1,Evening,52.30000000000001,Medium
180,0,148,28,10,0.04,1,Afternoon,45.0,Medium
180,1,167,82,6,0.35,0,Evening,88.80000000000001,High
180,2,166,52,13,0.37,1,Afternoon,64.5,High
180,3,52,45,8,0.21,0,Afternoon,38.900000000000006,Medium
181,0,166,17,17,0.14,1,Evening,49.8,Medium
181,1,170,26,9,0.21,1,Morning,52.099999999999994,Medium
181,2,28,99,2,0.08,0,Evening,49.599999999999994,Medium
181,3,50,39,0,0.03,0,Evening,30.900000000000002,Medium
182,0,156,119,1,0.01,0,Morning,94.9,High
182,1,136,108,8,0.33,0,Morning,90.5,High
182,2,115,65,3,0.03,0,Afternoon,62.0,High
183,0,46,61,10,0.35,1,Evening,30.700000000000003,Medium
183,1,81,94,15,0.21,1,Evening,55.0,Medium
183,2,25,90,18,0.12,0,Evening,51.900000000000006,Medium
183,3,78,94,8,0.29,0,Afternoon,67.10000000000001,High
183,4,51,24,19,0.22,0,Morning,34.7,Medium
184,0,71,77,4,0.15,0,Evening,55.2,Medium
184,1,120,27,0,0.2,1,Evening,33.8,Medium
185,0,33,28,14,0.04,0,Evening,27.1,Low
185,1,106,37,0,0.26,1,Afternoon,34.199999999999996,Medium
186,0,75,11,9,0.31,0,Evening,33.6,Medium
186,1,35,17,7,0.04,1,Afternoon,5.5,Low
186,2,42,90,12,0.19,0,Afternoon,55.300000000000004,Medium
186,3,56,115,9,0.05,0,Evening,66.89999999999999,High
186,4,10,39,6,0.1,0,Morning,22.0,Low
187,0,53,55,11,0.18,0,Morning,44.099999999999994,Medium
187,1,88,37,11,0.38,1,Evening,34.4,Medium
187,2,18,9,7,0.39,0,Afternoon,15.700000000000001,Low
187,3,36,104,4,0.3,1,Afternoon,42.0,Medium
188,0,145,111,7,0.23,0,Evening,93.0,High
188,1,165,68,18,0.06,1,Evening,69.5,High
188,2,88,36,14,0.21,0,Morning,48.5,Medium
189,0,29,17,10,0.33,0,Afternoon,22.8,Low
189,1,27,27,14,0.31,1,Morning,12.600000000000001,Low
189,2,78,79,6,0.25,0,Morning,59.9,Medium
189,3,34,41,6,0.34,0,Evening,32.4,Medium
190,0,78,44,4,0.07,0,Afternoon,43.300000000000004,Medium
190,1,141,89,11,0.18,0,Afternoon,84.10000000000001,High
191,0,88,85,12,0.35,0,Morning,68.7,High
191,1,26,50,15,0.14,0,Morning,35.199999999999996,Medium
191,2,178,26,5,0.03,1,Afternoon,51.099999999999994,Medium
192,0,140,63,2,0.02,0,Morning,68.2,High
192,1,88,26,8,0.38,0,Afternoon,43.8,Medium
193,0,109,83,14,0.13,1,Evening,57.8,Medium
193,1,22,5,13,0.03,1,Morning,-0.8999999999999986,Low
193,2,110,105,1,0.03,0,Afternoon,75.7,High
193,3,78,101,12,0.06,0,Evening,69.2,High
193,4,31,65,4,0.05,0,Afternoon,37.4,Medium
194,0,178,73,5,0.12,0,Afternoon,85.8,High
194,1,77,88,9,0.12,0,Morning,63.1,High
195,0,158,5,0,0.07,1,Evening,35.1,Medium
195,1,31,72,6,0.16,0,Evening,42.1,Medium
195,2,13,45,12,0.28,1,Afternoon,14.5,Low
196,0,37,83,15,0.33,0,Afternoon,53.6,Medium
196,1,131,42,9,0.36,0,Morning,63.3,High
196,2,134,40,4,0.26,0,Morning,60.4,High
197,0,162,24,19,0.35,1,Evening,54.3,Medium
197,1,25,19,7,0.26,0,Morning,20.500000000000004,Low
197,2,136,65,6,0.2,0,Afternoon,71.2,High
197,3,138,90,17,0.24,1,Afternoon,71.60000000000001,High
197,4,66,25,18,0.15,0,Afternoon,38.5,Medium
198,0,105,60,19,0.39,1,Afternoon,52.0,Medium
198,1,71,5,18,0.02,1,Evening,15.7,Low
198,2,113,79,13,0.17,1,Morning,57.400000000000006,Medium
198,3,127,119,10,0.02,1,Afternoon,74.9,High
198,4,45,52,8,0.2,0,Morning,39.5,Medium
199,0,165,89,14,0.01,1,Morning,75.79999999999998,High
199,1,38,33,0,0.16,0,Evening,26.200000000000003,Low
199,2,157,92,10,0.31,1,Afternoon,76.0,High
199,3,31,47,17,0.38,0,Afternoon,38.7,Medium
199,4,59,67,9,0.1,0,Afternoon,49.1,Medium
200,0,124,114,2,0.07,1,Afternoon,69.3,High
200,1,155,35,3,0.31,1,Morning,49.8,Medium
200,2,37,66,1,0.09,0,Afternoon,38.8,Medium
200,3,158,23,8,0.07,0,Evening,60.50000000000001,High
200,4,123,57,19,0.29,0,Afternoon,70.2,High
201,0,105,78,18,0.06,0,Evening,70.5,High
201,1,107,49,2,0.05,0,Evening,53.0,Medium
201,2,80,6,3,0.16,1,Evening,14.2,Low
202,0,88,49,8,0.34,1,Afternoon,37.6,Medium
202,1,41,6,17,0.11,0,Morning,22.6,Low
203,0,159,42,11,0.18,1,Morning,55.7,Medium
203,1,32,91,16,0.33,0,Morning,55.699999999999996,Medium
203,2,114,8,4,0.0,0,Afternoon,39.0,Medium
203,3,15,39,15,0.28,0,Afternoon,28.900000000000002,Low
203,4,37,93,19,0.33,0,Morning,59.2,Medium
204,0,81,81,2,0.01,1,Afternoon,42.6,Medium
204,1,137,34,19,0.25,0,Morning,64.80000000000001,High
204,2,151,64,8,0.24,0,Evening,76.50000000000001,High
205,0,121,113,15,0.17,0,Evening,89.2,High
205,1,79,94,10,0.01,1,Evening,50.39999999999999,Medium
206,0,61,99,19,0.35,0,Morning,69.0,High
206,1,109,113,7,0.39,0,Morning,84.60000000000001,High
206,2,149,19,14,0.04,0,Evening,58.3,Medium
206,3,44,98,4,0.17,0,Evening,55.70000000000001,Medium
206,4,128,36,18,0.27,1,Afternoon,47.7,Medium
207,0,149,43,19,0.19,1,Evening,56.39999999999999,Medium
207,1,90,44,14,0.02,0,Afternoon,50.400000000000006,Medium
207,2,172,36,2,0.21,0,Afternoon,68.89999999999999,High
207,3,114,34,5,0.14,1,Afternoon,36.199999999999996,Medium
207,4,50,19,1,0.08,0,Morning,23.8,Low
208,0,86,71,13,0.34,1,Evening,47.800000000000004,Medium
208,1,87,39,11,0.17,1,Morning,32.800000000000004,Medium
208,2,32,84,15,0.14,0,Afternoon,50.6,Medium
208,3,53,114,13,0.04,0,Afternoon,67.10000000000001,High
208,4,87,93,8,0.01,1,Afternoon,51.599999999999994,Medium
209,0,48,17,8,0.17,0,Evening,26.099999999999998,Low
209,1,82,70,17,0.05,0,Afternoon,59.89999999999999,Medium
209,2,10,65,4,0.28,1,Morning,18.4,Low
209,3,147,5,2,0.04,0,Afternoon,47.3,Medium
210,0,66,31,10,0.28,0,Morning,39.0,Medium
210,1,118,112,14,0.38,0,Evening,89.6,High
210,2,91,81,8,0.28,0,Afternoon,65.7,High
210,3,160,99,13,0.29,0,Evening,95.7,High
211,0,115,78,8,0.01,0,Evening,69.0,High
211,1,27,62,2,0.3,0,Afternoon,36.699999999999996,Medium
212,0,99,59,2,0.4,1,Evening,43.099999999999994,Medium
212,1,108,11,2,0.23,0,Morning,39.89999999999999,Medium
212,2,41,98,19,0.25,1,Morning,46.6,Medium
213,0,151,55,9,0.02,0,Evening,71.1,High
213,1,172,10,16,0.1,0,Afternoon,63.0,High
214,0,85,113,2,0.14,1,Morning,57.900000000000006,Medium
214,1,168,20,2,0.35,1,Afternoon,47.699999999999996,Medium
214,2,50,119,7,0.21,0,Evening,67.5,High
214,3,26,56,11,0.12,0,Evening,35.800000000000004,Medium
215,0,89,93,2,0.39,1,Afternoon,53.60000000000001,Medium
215,1,89,109,9,0.38,0,Morning,77.69999999999999,High
216,0,23,49,18,0.36,0,Afternoon,37.300000000000004,Medium
216,1,65,18,17,0.38,0,Afternoon,37.3,Medium
217,0,17,58,3,0.2,0,Afternoon,31.500000000000004,Medium
217,1,108,105,2,0.39,1,Morning,64.10000000000001,High
217,2,66,28,9,0.16,0,Evening,36.2,Medium
218,0,32,91,1,0.08,1,Evening,32.199999999999996,Medium
218,1,165,33,18,0.32,0,Evening,73.10000000000001,High
218,2,28,64,1,0.3,0,Morning,37.4,Medium
219,0,39,59,15,0.04,0,Evening,41.699999999999996,Medium
219,1,148,56,1,0.07,0,Evening,67.9,High
219,2,55,24,8,0.17,1,Morning,16.0,Low
220,0,156,33,9,0.15,1,Afternoon,50.099999999999994,Medium
220,1,46,109,17,0.1,0,Afternoon,65.2,High
220,2,72,20,14,0.15,0,Evening,36.699999999999996,Medium
220,3,36,52,5,0.08,1,Evening,19.4,Low
221,0,48,56,5,0.11,0,Evening,39.9,Medium
221,1,48,102,2,0.09,0,Morning,56.9,Medium
221,2,114,68,10,0.2,0,Afternoon,67.4,High
221,3,51,80,14,0.32,0,Afternoon,56.1,Medium
222,0,52,91,13,0.03,0,Evening,57.5,Medium
222,1,166,111,17,0.31,1,Afternoon,89.1,High
222,2,121,89,5,0.06,1,Evening,59.5,Medium
222,3,43,21,13,0.23,0,Morning,28.8,Low
222,4,36,68,3,0.19,0,Morning,41.1,Medium
223,0,152,46,15,0.3,0,Morning,73.0,High
223,1,82,47,6,0.02,0,Afternoon,46.0,Medium
223,2,65,115,12,0.19,0,Morning,72.2,High
223,3,31,19,9,0.39,1,Evening,9.399999999999999,Low
223,4,64,85,7,0.23,0,Afternoon,58.3,Medium
224,0,31,32,3,0.09,1,Morning,9.2,Low
224,1,119,54,2,0.14,0,Afternoon,59.49999999999999,Medium
225,0,50,46,7,0.06,0,Morning,36.800000000000004,Medium
225,1,29,117,14,0.06,1,Evening,46.7,Medium
225,2,153,61,11,0.07,0,Afternoon,75.4,High
225,3,159,79,13,0.32,1,Evening,72.7,High
226,0,110,49,8,0.27,0,Afternoon,58.50000000000001,Medium
226,1,26,44,7,0.27,0,Evening,30.900000000000002,Medium
226,2,44,34,6,0.34,0,Evening,32.6,Medium
226,3,167,36,14,0.1,0,Morning,71.1,High
226,4,69,31,13,0.12,0,Morning,39.50000000000001,Medium
227,0,149,35,8,0.37,1,Evening,50.599999999999994,Medium
227,1,75,80,4,0.16,0,Evening,57.7,Medium
228,0,166,89,8,0.39,0,Afternoon,92.50000000000001,High
228,1,91,114,10,0.09,1,Afternoon,62.80000000000001,High
228,2,92,46,11,0.24,0,Afternoon,52.8,Medium
228,3,91,62,10,0.25,1,Afternoon,43.6,Medium
229,0,132,118,19,0.37,1,Morning,83.10000000000001,High
229,1,76,71,11,0.39,1,Evening,44.5,Medium
230,0,60,109,5,0.16,0,Evening,65.2,High
230,1,131,63,10,0.37,0,Afternoon,72.2,High
230,2,171,111,7,0.15,0,Evening,100.0,High
231,0,15,93,9,0.1,0,Afternoon,46.300000000000004,Medium
231,1,120,41,4,0.12,1,Afternoon,40.20000000000001,Medium
231,2,50,114,0,0.3,1,Evening,48.6,Medium
231,3,79,9,17,0.01,0,Evening,34.2,Medium
231,4,173,12,5,0.35,1,Evening,47.2,Medium
232,0,13,17,13,0.28,0,Morning,18.700000000000003,Low
232,1,22,52,14,0.09,0,Morning,33.9,Medium
232,2,24,41,8,0.26,0,Morning,29.400000000000002,Low
233,0,152,111,15,0.31,0,Morning,99.1,High
233,1,120,67,9,0.39,0,Afternoon,70.3,High
233,2,161,14,7,0.17,0,Afternoon,58.4,Medium
233,3,30,99,15,0.22,1,Evening,41.800000000000004,Medium
234,0,60,96,19,0.38,1,Evening,52.8,Medium
234,1,116,52,2,0.26,0,Morning,58.99999999999999,Medium
234,2,114,100,12,0.24,0,Evening,81.39999999999999,High
235,0,137,61,13,0.02,0,Evening,70.9,High
235,1,13,111,19,0.39,0,Morning,59.800000000000004,Medium
235,2,145,62,7,0.24,0,Evening,73.5,High
236,0,134,35,4,0.37,1,Afternoon,44.5,Medium
236,1,124,21,3,0.09,0,Afternoon,47.699999999999996,Medium
236,2,99,111,12,0.14,1,Afternoon,65.30000000000001,High
236,3,16,7,18,0.08,0,Evening,15.600000000000001,Low
237,0,177,75,2,0.14,1,Afternoon,70.3,High
237,1,52,56,19,0.16,1,Afternoon,32.2,Medium
237,2,30,5,7,0.36,1,Afternoon,2.3999999999999986,Low
237,3,115,28,8,0.09,1,Morning,34.800000000000004,Medium
238,0,66,7,2,0.38,0,Afternoon,27.200000000000003,Low
238,1,31,19,2,0.24,0,Morning,20.099999999999998,Low
239,0,71,26,9,0.23,0,Evening,37.6,Medium
239,1,77,114,5,0.11,0,Afternoon,71.8,High
239,2,64,10,1,0.19,0,Afternoon,25.499999999999996,Low
240,0,53,119,1,0.29,1,Morning,51.8,Medium
240,1,74,83,8,0.16,1,Afternoon,45.20000000000001,Medium
240,2,148,98,6,0.36,0,Evening,89.6,High
240,3,100,61,7,0.29,1,Evening,45.1,Medium
240,4,137,81,3,0.03,1,Morning,60.0,High
241,0,84,57,3,0.18,0,Morning,51.0,Medium
241,1,166,7,13,0.37,0,Afternoon,61.5,High
241,2,83,72,18,0.32,0,Morning,64.10000000000001,High
241,3,132,61,12,0.31,0,Evening,71.89999999999999,High
241,4,144,55,14,0.1,0,Morning,71.79999999999998,High
242,0,91,76,6,0.13,0,Morning,61.4,High
242,1,42,47,18,0.1,1,Morning,24.6,Low
243,0,85,37,6,0.34,1,Morning,31.099999999999994,Medium
243,1,124,65,11,0.17,1,Evening,54.3,Medium
244,0,107,29,8,0.37,0,Afternoon,50.60000000000001,Medium
244,1,24,62,3,0.24,0,Evening,35.6,Medium
245,0,63,34,0,0.05,0,Morning,33.0,Medium
245,1,30,49,15,0.29,1,Morning,22.5,Low
245,2,32,49,4,0.18,1,Evening,17.6,Low
245,3,170,53,7,0.02,0,Afternoon,75.2,High
246,0,105,50,0,0.34,0,Morning,54.9,Medium
246,1,65,29,16,0.2,1,Afternoon,24.5,Low
247,0,81,89,6,0.11,1,Afternoon,48.400000000000006,Medium
247,1,162,31,8,0.0,1,Evening,49.2,Medium
247,2,94,90,2,0.24,0,Evening,67.4,High
248,0,117,65,0,0.4,0,Afternoon,65.1,High
248,1,42,22,12,0.15,0,Afternoon,27.7,Low
249,0,177,96,18,0.02,0,Morning,98.9,High
249,1,59,58,10,0.13,1,Evening,31.200000000000003,Medium
249,2,59,7,10,0.02,0,Evening,24.7,Low
249,3,39,38,17,0.38,0,Morning,37.5,Medium
250,0,49,45,6,0.35,0,Morning,38.6,Medium
250,1,153,87,4,0.08,1,Morning,68.1,High
251,0,128,23,2,0.12,1,Afternoon,34.6,Medium
251,1,77,101,10,0.17,0,Evening,69.2,High
251,2,86,64,9,0.28,1,Afternoon,42.800000000000004,Medium
251,3,158,118,9,0.07,0,Afternoon,98.89999999999999,High
251,4,11,24,11,0.06,0,Evening,17.900000000000006,Low
252,0,138,75,6,0.09,0,Afternoon,74.70000000000002,High
252,1,66,25,11,0.02,0,Afternoon,34.400000000000006,Medium
252,2,63,39,14,0.36,0,Morning,43.7,Medium
253,0,44,14,15,0.09,0,Afternoon,25.7,Low
253,1,39,62,1,0.02,0,Afternoon,37.1,Medium
253,2,146,76,6,0.24,1,Evening,64.00000000000001,High
253,3,164,61,13,0.09,1,Evening,64.7,High
253,4,177,14,5,0.26,1,Afternoon,48.300000000000004,Medium
254,0,159,67,2,0.36,0,Morning,78.89999999999999,High
254,1,22,5,18,0.17,1,Evening,2.5,Low
254,2,32,112,14,0.16,1,Evening,46.60000000000001,Medium
255,0,97,88,5,0.19,0,Afternoon,68.2,High
255,1,175,90,2,0.17,0,Afternoon,91.0,High
256,0,151,8,8,0.05,0,Evening,52.2,Medium
256,1,24,109,15,0.02,1,Morning,42.0,Medium
256,2,101,85,5,0.36,1,Evening,54.89999999999999,Medium
256,3,89,68,3,0.26,1,Evening,42.70000000000001,Medium
256,4,84,12,17,0.19,0,Evening,38.699999999999996,Medium
257,0,161,83,6,0.07,0,Morning,84.60000000000001,High
257,1,59,115,18,0.09,0,Afternoon,71.80000000000001,High
258,0,51,112,4,0.03,0,Morning,62.0,High
258,1,140,94,12,0.1,1,Evening,70.39999999999999,High
258,2,152,34,2,0.31,0,Morning,63.1,High
259,0,119,37,7,0.06,1,Evening,38.9,Medium
259,1,51,90,15,0.15,0,Afternoon,58.8,Medium
259,2,85,41,15,0.15,1,Afternoon,34.400000000000006,Medium
260,0,125,42,18,0.13,0,Afternoon,62.8,High
260,1,54,78,19,0.09,0,Evening,55.900000000000006,Medium
260,2,169,62,6,0.25,0,Afternoon,80.4,High
260,3,54,77,1,0.36,0,Evening,51.0,Medium
260,4,130,30,17,0.02,0,Evening,58.0,Medium
261,0,173,118,17,0.06,0,Evening,106.49999999999999,High
261,1,29,96,19,0.35,0,Afternoon,58.20000000000001,Medium
261,2,138,69,12,0.01,1,Afternoon,58.89999999999999,Medium
262,0,27,16,13,0.37,0,Afternoon,23.4,Low
262,1,170,43,10,0.37,0,Morning,75.9,High
263,0,61,41,5,0.28,0,Morning,39.5,Medium
263,1,50,111,6,0.14,1,Morning,48.2,Medium
263,2,107,119,16,0.28,0,Afternoon,88.9,High
263,3,30,34,18,0.03,1,Evening,15.100000000000001,Low
264,0,58,40,18,0.18,0,Afternoon,42.4,Medium
264,1,162,112,2,0.27,1,Afternoon,81.9,High
265,0,152,110,3,0.18,1,Evening,77.6,High
265,1,125,118,11,0.08,0,Afternoon,89.9,High
266,0,110,111,14,0.14,1,Afternoon,69.4,High
266,1,128,107,0,0.1,1,Morning,67.2,High
266,2,15,95,3,0.08,1,Afternoon,29.5,Low
266,3,116,86,10,0.34,0,Morning,76.6,High
266,4,18,117,9,0.37,0,Afternoon,59.50000000000001,Medium
267,0,19,118,16,0.08,1,Evening,45.1,Medium
267,1,49,12,0,0.36,0,Afternoon,23.1,Low
267,2,125,69,8,0.01,1,Evening,53.39999999999999,Medium
268,0,59,24,15,0.35,1,Afternoon,21.799999999999997,Low
268,1,150,39,4,0.17,1,Afternoon,48.900000000000006,Medium
268,2,71,90,9,0.21,0,Evening,63.0,High
268,3,138,85,2,0.27,1,Afternoon,63.900000000000006,High
268,4,43,86,12,0.11,0,Evening,53.199999999999996,Medium
269,0,112,54,2,0.31,0,Afternoon,59.1,Medium
269,1,61,62,10,0.01,1,Morning,32.2,Medium
269,2,23,104,6,0.27,0,Morning,53.6,Medium
269,3,19,12,16,0.29,0,Afternoon,19.799999999999997,Low
269,4,75,76,19,0.29,0,Morning,63.400000000000006,High
270,0,44,56,17,0.23,1,Morning,29.700000000000003,Low
270,1,85,109,14,0.05,0,Afternoon,75.19999999999999,High
270,2,107,27,13,0.06,0,Morning,48.70000000000001,Medium
270,3,135,82,6,0.17,1,Evening,62.40000000000002,High
270,4,43,52,12,0.09,1,Evening,24.4,Low
271,0,59,60,6,0.03,0,Evening,44.4,Medium
271,1,156,11,18,0.1,0,Morning,59.4,Medium
271,2,99,72,17,0.25,0,Evening,67.8,High
271,3,155,66,11,0.14,1,Morning,63.70000000000002,High
272,0,53,114,17,0.23,1,Evening,55.599999999999994,Medium
272,1,130,61,16,0.29,0,Evening,72.70000000000002,High
273,0,64,26,4,0.0,0,Morning,31.200000000000003,Medium
273,1,156,99,11,0.26,1,Afternoon,78.4,High
274,0,27,113,4,0.19,0,Evening,56.800000000000004,Medium
274,1,11,91,2,0.18,0,Afternoon,42.29999999999999,Medium
275,0,44,81,8,0.13,0,Afternoon,50.099999999999994,Medium
275,1,168,38,16,0.21,1,Evening,59.099999999999994,Medium
275,2,92,40,9,0.03,0,Morning,47.49999999999999,Medium
275,3,136,43,2,0.04,0,Evening,59.199999999999996,Medium
276,0,90,12,0,0.01,0,Afternoon,31.900000000000002,Medium
276,1,136,81,4,0.17,0,Evening,76.49999999999999,High
276,2,169,110,19,0.38,0,Evening,106.09999999999998,High
277,0,158,93,0,0.16,0,Morning,86.19999999999999,High
277,1,48,112,12,0.38,0,Afternoon,67.8,High
277,2,171,52,18,0.15,0,Evening,80.8,High
277,3,153,77,8,0.36,0,Evening,83.5,High
277,4,170,36,18,0.17,0,Morning,74.30000000000001,High
278,0,47,35,12,0.09,1,Morning,18.800000000000004,Low
278,1,160,32,19,0.4,0,Afternoon,72.39999999999999,High
278,2,56,16,18,0.32,1,Evening,18.6,Low
279,0,109,22,17,0.27,0,Evening,51.0,Medium
279,1,10,13,1,0.17,1,Afternoon,-4.699999999999999,Low
279,2,143,87,3,0.37,0,Evening,82.60000000000001,High
279,3,13,83,8,0.2,0,Morning,42.300000000000004,Medium
280,0,14,76,4,0.23,0,Afternoon,38.5,Medium
280,1,60,101,7,0.16,1,Afternoon,47.800000000000004,Medium
280,2,97,47,6,0.38,0,Morning,54.099999999999994,Medium
280,3,101,23,8,0.24,1,Evening,30.1,Medium
281,0,142,61,14,0.02,0,Evening,72.8,High
281,1,94,111,2,0.21,0,Afternoon,75.5,High
281,2,149,112,16,0.03,0,Morning,96.2,High
281,3,106,21,9,0.21,1,Evening,30.9,Medium
281,4,147,74,18,0.19,1,Evening,67.80000000000001,High
282,0,78,65,6,0.27,1,Evening,39.5,Medium
282,1,123,74,13,0.32,1,Morning,59.900000000000006,Medium
282,2,38,57,10,0.11,1,Afternoon,24.300000000000004,Low
283,0,65,86,7,0.14,0,Morning,58.099999999999994,Medium
283,1,30,56,13,0.28,0,Afternoon,39.4,Medium
284,0,11,31,4,0.35,0,Afternoon,20.8,Low
284,1,87,98,3,0.34,1,Morning,54.900000000000006,Medium
284,2,164,41,10,0.36,0,Evening,73.19999999999999,High
285,0,18,8,12,0.25,0,Evening,15.9,Low
285,1,166,32,16,0.36,0,Evening,72.6,High
285,2,128,84,10,0.31,0,Afternoon,79.1,High
285,3,132,62,3,0.07,1,Morning,51.30000000000001,Medium
286,0,128,55,11,0.03,0,Afternoon,65.1,High
286,1,50,69,18,0.12,0,Morning,51.00000000000001,Medium
286,2,44,94,9,0.1,1,Evening,40.4,Medium
286,3,38,101,4,0.25,0,Afternoon,55.900000000000006,Medium
287,0,124,8,5,0.23,1,Afternoon,29.699999999999996,Low
287,1,132,119,6,0.15,1,Evening,76.10000000000001,High
287,2,40,45,13,0.03,1,Afternoon,20.5,Low
288,0,144,20,11,0.36,0,Morning,59.199999999999996,Medium
288,1,41,6,10,0.3,1,Evening,6.699999999999999,Low
288,2,71,40,16,0.14,0,Afternoon,45.099999999999994,Medium
289,0,175,101,2,0.16,0,Afternoon,95.3,High
289,1,154,65,3,0.32,1,Morning,61.599999999999994,High
289,2,66,95,19,0.25,0,Morning,67.89999999999999,High
289,3,46,55,7,0.36,0,Morning,42.199999999999996,Medium
290,0,178,68,14,0.11,0,Evening,87.29999999999998,High
290,1,142,43,12,0.11,0,Afternoon,65.69999999999999,High
291,0,134,54,15,0.21,0,Morning,69.89999999999999,High
291,1,175,59,6,0.2,0,Evening,80.5,High
291,2,154,68,4,0.35,0,Afternoon,78.5,High
291,3,81,99,19,0.06,1,Morning,57.099999999999994,Medium
292,0,63,90,8,0.09,1,Evening,44.0,Medium
292,1,128,61,19,0.19,0,Afternoon,72.3,High
292,2,163,51,9,0.03,0,Morning,73.19999999999999,High
292,3,75,18,8,0.28,1,Morning,20.699999999999996,Low
293,0,157,77,4,0.05,0,Afternoon,80.0,High
293,1,83,55,16,0.29,0,Afternoon,56.199999999999996,Medium
293,2,121,29,13,0.23,0,Afternoon,55.4,Medium
293,3,44,27,1,0.11,1,Morning,10.5,Low
294,0,67,85,18,0.33,1,Morning,49.599999999999994,Medium
294,1,92,93,14,0.32,0,Afternoon,73.6,High
295,0,91,45,7,0.39,0,Afternoon,51.99999999999999,Medium
295,1,145,114,9,0.24,0,Evening,95.1,High
296,0,22,114,14,0.28,0,Evening,60.6,High
296,1,50,116,6,0.03,0,Morning,64.10000000000001,High
296,2,90,97,12,0.07,0,Morning,71.30000000000001,High
297,0,138,32,10,0.09,1,Morning,44.1,Medium
297,1,75,37,1,0.14,0,Afternoon,39.099999999999994,Medium
298,0,120,73,9,0.19,1,Evening,55.7,Medium
298,1,99,7,11,0.12,1,Afternoon,23.1,Low
299,0,96,57,17,0.2,0,Evening,60.39999999999999,High
299,1,80,45,16,0.03,1,Evening,33.699999999999996,Medium
300,0,150,26,8,0.07,0,Morning,59.300000000000004,Medium
300,1,150,38,7,0.17,0,Morning,64.7,High
300,2,86,103,10,0.4,1,Evening,60.0,High
300,3,131,102,4,0.13,0,Afternoon,82.99999999999999,High
301,0,35,24,19,0.32,1,Morning,15.900000000000002,Low
301,1,134,10,7,0.34,0,Afternoon,50.39999999999999,Medium
302,0,107,105,17,0.06,0,Morning,81.49999999999999,High
302,1,63,10,16,0.24,0,Afternoon,31.699999999999996,Medium
302,2,101,17,7,0.28,1,Morning,27.69999999999999,Low
303,0,71,75,14,0.31,1,Afternoon,45.0,Medium
303,1,30,76,14,0.07,1,Morning,30.70000000000001,Medium
303,2,127,96,11,0.08,0,Afternoon,81.7,High
303,3,44,112,6,0.21,1,Evening,47.5,Medium
303,4,145,49,14,0.28,1,Afternoon,56.5,Medium
304,0,148,18,11,0.15,0,Morning,57.5,Medium
304,1,125,39,6,0.27,1,Morning,43.2,Medium
304,2,130,40,14,0.19,0,Afternoon,62.5,High
304,3,119,14,14,0.3,0,Morning,49.9,Medium
304,4,31,65,19,0.14,1,Afternoon,29.299999999999997,Low
305,0,125,111,16,0.22,0,Evening,90.50000000000001,High
305,1,152,17,5,0.25,1,Afternoon,41.900000000000006,Medium
305,2,74,60,12,0.14,1,Evening,37.4,Medium
305,3,26,23,13,0.15,0,Afternoon,23.7,Low
305,4,172,68,16,0.27,1,Morning,72.90000000000002,High
306,0,104,11,0,0.23,1,Evening,22.9,Low
306,1,79,80,2,0.3,0,Afternoon,59.5,Medium
306,2,124,36,19,0.35,0,Evening,62.699999999999996,High
307,0,122,22,15,0.1,0,Evening,52.400000000000006,Medium
307,1,21,74,1,0.39,0,Morning,40.199999999999996,Medium
307,2,85,78,11,0.38,0,Morning,64.9,High
307,3,54,8,5,0.2,1,Morning,8.399999999999999,Low
307,4,168,16,6,0.12,0,Morning,60.4,High
308,0,170,79,0,0.06,0,Evening,83.19999999999999,High
308,1,127,96,9,0.16,0,Afternoon,81.69999999999999,High
308,2,39,116,11,0.15,0,Evening,64.0,High
308,3,129,72,12,0.2,0,Morning,74.3,High
309,0,20,8,9,0.04,0,Evening,13.2,Low
309,1,170,21,3,0.02,1,Afternoon,45.800000000000004,Medium
309,2,147,10,7,0.06,1,Afternoon,36.5,Medium
309,3,92,108,2,0.11,1,Evening,57.69999999999999,Medium
309,4,34,18,10,0.12,0,Afternoon,22.599999999999998,Low
310,0,117,116,19,0.36,1,Evening,77.69999999999999,High
310,1,20,30,10,0.04,1,Morning,7.399999999999999,Low
311,0,43,11,7,0.15,0,Evening,21.6,Low
311,1,20,9,9,0.19,1,Morning,0.09999999999999964,Low
312,0,136,90,12,0.35,0,Afternoon,85.1,High
312,1,159,91,5,0.08,1,Morning,71.89999999999999,High
312,2,130,90,14,0.34,0,Afternoon,84.0,High
312,3,15,16,15,0.37,0,Morning,20.599999999999998,Low
312,4,169,53,2,0.02,0,Afternoon,72.9,High
313,0,100,34,19,0.14,0,Afternoon,52.6,Medium
313,1,143,52,3,0.26,0,Evening,67.5,High
314,0,118,14,8,0.27,1,Evening,31.900000000000006,Medium
314,1,97,94,5,0.1,0,Afternoon,69.7,High
314,2,112,50,15,0.24,0,Afternoon,62.0,High
314,3,112,54,17,0.27,1,Afternoon,49.7,Medium
314,4,178,103,10,0.12,0,Morning,99.8,High
315,0,152,29,18,0.38,1,Evening,53.2,Medium
315,1,29,98,13,0.02,0,Afternoon,53.30000000000001,Medium
315,2,162,76,16,0.32,1,Morning,73.60000000000001,High
315,3,28,73,10,0.03,0,Morning,41.9,Medium
315,4,74,14,17,0.2,0,Morning,36.6,Medium
316,0,163,34,5,0.07,1,Afternoon,50.2,Medium
316,1,28,91,9,0.18,0,Afternoon,50.199999999999996,Medium
317,0,177,12,14,0.36,1,Morning,52.10000000000001,Medium
317,1,123,31,9,0.22,1,Afternoon,40.1,Medium
317,2,62,28,2,0.27,0,Morning,33.3,Medium
318,0,89,99,9,0.21,0,Morning,71.99999999999999,High
318,1,99,72,17,0.35,0,Evening,68.8,High
318,2,175,55,6,0.1,1,Afternoon,62.900000000000006,High
318,3,64,42,0,0.08,0,Morning,36.8,Medium
319,0,151,67,15,0.14,1,Afternoon,64.5,High
319,1,47,95,17,0.19,0,Afternoon,60.800000000000004,High
319,2,48,46,7,0.23,0,Morning,37.89999999999999,Medium
319,3,30,16,4,0.27,0,Afternoon,19.7,Low
319,4,167,107,13,0.14,0,Evening,99.50000000000001,High
320,0,167,119,16,0.14,1,Morning,90.50000000000001,High
320,1,158,40,6,0.38,1,Morning,54.599999999999994,Medium
321,0,142,86,11,0.13,1,Morning,67.7,High
321,1,42,23,0,0.27,0,Morning,24.5,Low
322,0,65,65,13,0.18,0,Afternoon,52.5,Medium
322,1,38,78,5,0.11,1,Morning,30.700000000000003,Medium
323,0,14,98,0,0.16,1,Morning,30.000000000000007,Medium
323,1,43,112,6,0.03,0,Evening,60.4,High
324,0,126,80,4,0.15,1,Evening,57.89999999999999,Medium
324,1,97,31,19,0.32,1,Evening,37.300000000000004,Medium
324,2,45,60,12,0.23,0,Afternoon,44.599999999999994,Medium
324,3,134,7,5,0.38,0,Morning,48.79999999999999,Medium
325,0,83,45,19,0.08,0,Afternoon,51.3,Medium
325,1,19,61,0,0.34,1,Morning,18.5,Low
326,0,61,82,11,0.03,0,Afternoon,55.800000000000004,Medium
326,1,168,85,11,0.22,1,Evening,76.00000000000001,High
326,2,120,81,8,0.32,1,Evening,59.80000000000001,Medium
327,0,88,117,16,0.31,0,Morning,82.7,High
327,1,136,37,8,0.27,1,Afternoon,46.5,Medium
328,0,79,49,6,0.24,1,Morning,33.099999999999994,Medium
328,1,162,49,18,0.29,0,Afternoon,78.30000000000001,High
329,0,18,36,17,0.14,1,Morning,13.0,Low
329,1,121,28,3,0.27,1,Evening,36.400000000000006,Medium
329,2,135,47,2,0.08,0,Morning,60.89999999999999,High
330,0,163,11,16,0.09,0,Morning,60.599999999999994,High
330,1,150,39,19,0.22,1,Afternoon,55.400000000000006,Medium
330,2,171,47,12,0.31,0,Evening,77.99999999999999,High
330,3,91,73,15,0.24,0,Afternoon,64.9,High
331,0,30,32,1,0.4,1,Morning,11.2,Low
331,1,89,19,13,0.13,1,Morning,25.799999999999997,Low
332,0,142,113,0,0.19,0,Morning,89.70000000000002,High
332,1,25,44,3,0.0,1,Evening,11.3,Low
332,2,11,109,0,0.09,1,Afternoon,32.8,Medium
332,3,80,8,5,0.08,0,Evening,30.0,Medium
332,4,72,13,0,0.17,1,Afternoon,13.499999999999996,Low
333,0,16,106,4,0.24,1,Evening,36.2,Medium
333,1,42,79,10,0.09,1,Afternoon,34.1,Medium
333,2,87,83,10,0.37,0,Afternoon,67.0,High
333,3,86,95,5,0.06,0,Evening,66.39999999999999,High
334,0,111,52,14,0.35,0,Evening,63.199999999999996,High
334,1,155,31,5,0.25,0,Morning,63.4,High
334,2,77,85,18,0.28,0,Afternoon,67.1,High
334,3,146,29,6,0.14,0,Morning,59.199999999999996,Medium
335,0,165,117,4,0.08,0,Morning,98.7,High
335,1,45,68,12,0.23,1,Morning,32.8,Medium
335,2,157,14,13,0.31,1,Evening,46.00000000000001,Medium
335,3,173,51,14,0.34,1,Afternoon,66.3,High
335,4,55,21,11,0.32,1,Evening,17.5,Low
336,0,90,6,0,0.39,0,Morning,33.3,Medium
336,1,72,91,3,0.13,0,Evening,60.5,High
337,0,147,41,7,0.1,1,Evening,49.3,Medium
337,1,69,104,17,0.14,0,Morning,70.5,High
338,0,51,28,3,0.23,1,Morning,15.0,Low
338,1,85,78,15,0.36,0,Morning,66.3,High
338,2,137,54,7,0.31,1,Evening,53.599999999999994,Medium
339,0,73,57,3,0.29,0,Afternoon,48.800000000000004,Medium
339,1,109,16,18,0.39,1,Morning,35.199999999999996,Medium
340,0,120,43,17,0.25,1,Evening,47.5,Medium
340,1,40,115,5,0.14,1,Morning,46.4,Medium
340,2,115,79,7,0.2,0,Evening,70.89999999999999,High
341,0,75,84,3,0.21,0,Afternoon,59.400000000000006,Medium
341,1,41,44,17,0.02,1,Evening,21.900000000000006,Low
341,2,148,55,3,0.17,1,Morning,54.30000000000001,Medium
342,0,56,53,13,0.37,0,Morning,46.900000000000006,Medium
342,1,118,49,18,0.08,1,Evening,48.0,Medium
342,2,11,77,10,0.19,1,Evening,25.0,Low
343,0,55,99,12,0.25,0,Evening,63.400000000000006,High
343,1,55,39,11,0.01,1,Morning,21.6,Low
344,0,10,105,1,0.03,1,Afternoon,30.699999999999996,Medium
344,1,10,115,15,0.05,0,Evening,55.5,Medium
344,2,122,8,17,0.13,0,Afternoon,47.900000000000006,Medium
344,3,36,33,8,0.13,0,Evening,28.5,Low
344,4,73,26,18,0.1,0,Afternoon,40.5,Medium
345,0,91,105,6,0.25,1,Afternoon,59.2,Medium
345,1,147,11,18,0.3,1,Afternoon,43.7,Medium
345,2,71,10,18,0.27,0,Morning,35.2,Medium
346,0,106,65,6,0.18,0,Evening,61.99999999999999,High
346,1,151,57,7,0.13,0,Morning,72.19999999999999,High
346,2,95,44,5,0.14,1,Morning,34.5,Medium
346,3,28,63,1,0.24,0,Afternoon,36.4,Medium
346,4,111,90,12,0.17,1,Afternoon,60.8,High
347,0,137,5,10,0.21,0,Afternoon,49.2,Medium
347,1,70,40,3,0.07,1,Afternoon,23.900000000000006,Low
347,2,103,22,18,0.29,0,Evening,49.800000000000004,Medium
347,3,26,75,1,0.24,0,Evening,40.599999999999994,Medium
348,0,63,109,0,0.16,0,Morning,64.1,High
348,1,81,11,16,0.13,0,Evening,36.4,Medium
349,0,174,40,18,0.03,0,Morning,75.69999999999999,High
349,1,140,25,15,0.28,0,Morning,60.8,High
349,2,45,85,1,0.12,1,Morning,34.1,Medium
349,3,41,80,9,0.22,1,Morning,35.1,Medium
350,0,53,75,2,0.4,0,Evening,50.699999999999996,Medium
350,1,173,73,19,0.2,0,Morning,90.69999999999999,High
350,2,18,5,15,0.09,1,Morning,-0.7000000000000011,Low
350,3,176,18,1,0.28,0,Afternoon,63.199999999999996,High
350,4,57,70,0,0.39,0,Morning,48.99999999999999,Medium
351,0,33,6,5,0.37,1,Afternoon,3.0,Low
351,1,128,32,19,0.12,1,Afternoon,45.00000000000001,Medium
351,2,151,17,17,0.3,1,Morning,46.89999999999999,Medium
351,3,44,103,6,0.06,0,Morning,57.400000000000006,Medium
351,4,98,21,12,0.14,0,Morning,43.99999999999999,Medium
352,0,71,67,14,0.14,1,Morning,40.1,Medium
352,1,75,114,17,0.04,0,Morning,75.3,High
352,2,177,107,13,0.35,0,Afternoon,104.60000000000001,High
352,3,123,66,14,0.22,0,Morning,71.1,High
353,0,128,63,2,0.08,0,Morning,65.2,High
353,1,96,91,9,0.06,1,Evening,54.39999999999998,Medium
353,2,81,84,10,0.35,1,Afternoon,50.400000000000006,Medium
354,0,115,76,1,0.37,0,Evening,69.00000000000001,High
354,1,34,41,4,0.13,0,Morning,29.500000000000004,Low
354,2,22,75,16,0.04,0,Afternoon,43.4,Medium
354,3,32,9,5,0.05,1,Afternoon,0.6999999999999993,Low
354,4,145,34,18,0.21,1,Afternoon,51.39999999999999,Medium
355,0,78,47,6,0.27,0,Afternoon,47.300000000000004,Medium
355,1,125,51,9,0.08,0,Morning,62.300000000000004,High
356,0,119,84,13,0.34,0,Evening,77.9,High
356,1,104,59,4,0.01,0,Morning,56.5,Medium
356,2,93,51,19,0.24,0,Evening,58.3,Medium
357,0,67,92,16,0.04,0,Morning,63.7,High
357,1,112,12,16,0.29,1,Evening,32.7,Medium
358,0,176,5,18,0.32,1,Morning,50.2,Medium
358,1,82,49,10,0.27,0,Morning,50.900000000000006,Medium
359,0,48,81,7,0.19,0,Morning,51.49999999999999,Medium
359,1,121,98,5,0.38,1,Evening,66.3,High
359,2,44,75,10,0.1,1,Morning,33.2,Medium
360,0,51,29,7,0.26,1,Afternoon,17.299999999999997,Low
360,1,161,29,8,0.34,1,Morning,51.5,Medium
360,2,71,49,16,0.32,1,Evening,35.50000000000001,Medium
360,3,154,84,9,0.01,1,Morning,68.49999999999999,High
361,0,96,24,5,0.31,1,Morning,28.5,Low
361,1,139,67,15,0.27,0,Afternoon,77.2,High
361,2,11,54,8,0.27,1,Afternoon,15.8,Low
361,3,37,75,18,0.15,1,Morning,34.800000000000004,Medium
362,0,14,73,2,0.21,1,Morning,21.300000000000004,Low
362,1,46,22,16,0.37,0,Evening,32.7,Medium
362,2,26,7,10,0.33,0,Afternoon,17.9,Low
363,0,110,96,2,0.0,1,Evening,57.2,Medium
363,1,97,64,11,0.12,0,Morning,60.300000000000004,High
363,2,108,34,2,0.35,0,Evening,50.3,Medium
364,0,55,24,15,0.1,0,Morning,33.1,Medium
364,1,93,118,17,0.11,1,Evening,67.99999999999999,High
364,2,75,65,7,0.34,0,Afternoon,54.699999999999996,Medium
364,3,70,108,8,0.21,0,Morning,69.5,High
364,4,38,6,12,0.22,0,Evening,20.8,Low
365,0,102,38,14,0.23,0,Afternoon,53.699999999999996,Medium
365,1,43,93,18,0.33,1,Morning,45.6,Medium
365,2,23,27,10,0.07,0,Morning,22.4,Low
365,3,25,63,7,0.03,0,Afternoon,35.8,Medium
366,0,158,92,0,0.0,1,Morning,69.2,High
366,1,46,82,0,0.25,0,Morning,49.1,Medium
366,2,104,69,18,0.28,0,Evening,68.8,High
367,0,149,32,9,0.23,1,Evening,48.4,Medium
367,1,123,74,13,0.19,1,Evening,58.60000000000001,Medium
368,0,119,115,1,0.37,0,Morning,85.8,High
368,1,30,21,0,0.21,0,Afternoon,19.5,Low
368,2,81,89,1,0.19,1,Evening,47.2,Medium
368,3,12,72,12,0.34,0,Evening,40.6,Medium
368,4,133,28,11,0.24,0,Afternoon,57.9,Medium
369,0,101,73,3,0.07,0,Afternoon,61.400000000000006,High
369,1,74,118,13,0.03,1,Morning,59.900000000000006,Medium
369,2,151,101,14,0.13,0,Morning,92.6,High
369,3,153,87,2,0.21,0,Afternoon,83.6,High
370,0,45,98,7,0.32,0,Afternoon,58.7,Medium
370,1,171,110,5,0.18,1,Afternoon,84.1,High
370,2,16,108,4,0.17,1,Morning,36.300000000000004,Medium
370,3,20,114,5,0.25,0,Evening,56.1,Medium
371,0,132,39,5,0.36,1,Evening,45.800000000000004,Medium
371,1,107,108,11,0.06,0,Afternoon,80.30000000000001,High
371,2,162,109,13,0.29,1,Evening,85.30000000000001,High
371,3,152,54,6,0.23,0,Morning,71.9,High
371,4,147,11,19,0.33,0,Evening,59.4,Medium
372,0,61,90,1,0.15,0,Evening,56.199999999999996,Medium
372,1,14,84,13,0.28,0,Morning,45.800000000000004,Medium
372,2,16,50,0,0.28,0,Morning,27.6,Low
372,3,33,87,0,0.39,1,Afternoon,33.6,Medium
372,4,55,34,16,0.28,0,Afternoon,39.3,Medium
373,0,13,84,5,0.29,0,Morning,42.4,Medium
373,1,37,111,6,0.04,1,Morning,43.300000000000004,Medium
373,2,172,22,13,0.29,1,Afternoon,53.500000000000014,Medium
373,3,43,92,11,0.03,0,Evening,54.4,Medium
374,0,149,37,18,0.17,0,Evening,68.4,High
374,1,59,100,8,0.4,0,Evening,64.9,High
374,2,171,83,9,0.18,1,Afternoon,74.89999999999999,High
375,0,27,92,12,0.11,0,Evening,50.800000000000004,Medium
375,1,95,95,6,0.05,0,Afternoon,69.4,High
375,2,156,72,18,0.11,0,Afternoon,83.89999999999999,High
375,3,160,61,7,0.16,1,Afternoon,61.8,High
375,4,37,5,9,0.34,1,Afternoon,5.100000000000001,Low
376,0,90,94,2,0.23,0,Morning,67.69999999999999,High
376,1,166,19,10,0.26,0,Evening,64.0,High
376,2,126,38,17,0.36,0,Evening,63.4,High
376,3,91,88,11,0.32,0,Afternoon,70.10000000000001,High
377,0,83,62,18,0.17,0,Evening,58.60000000000001,Medium
377,1,87,50,15,0.33,0,Morning,55.39999999999999,Medium
377,2,94,68,0,0.06,0,Evening,56.00000000000001,Medium
377,3,88,47,10,0.09,0,Evening,50.1,Medium
378,0,65,112,18,0.23,1,Morning,58.80000000000001,Medium
378,1,11,76,0,0.15,1,Morning,20.200000000000003,Low
378,2,97,55,10,0.04,0,Morning,55.49999999999999,Medium
378,3,118,51,4,0.29,0,Morning,60.3,High
378,4,47,99,7,0.03,0,Afternoon,56.8,Medium
379,0,178,42,16,0.29,0,Afternoon,79.50000000000001,High
379,1,154,48,2,0.08,0,Evening,67.0,High
379,2,97,95,0,0.07,1,Afternoon,52.8,Medium
379,3,153,50,16,0.13,0,Morning,73.60000000000001,High
379,4,114,37,0,0.31,0,Evening,52.1,Medium
380,0,92,108,7,0.23,0,Morning,75.89999999999999,High
380,1,92,49,0,0.26,0,Afternoon,49.800000000000004,Medium
380,2,102,8,6,0.29,1,Afternoon,24.099999999999994,Low
380,3,117,49,3,0.34,0,Evening,59.300000000000004,Medium
381,0,32,91,14,0.37,1,Morning,40.300000000000004,Medium
381,1,85,20,12,0.14,1,Afternoon,24.699999999999996,Low
381,2,93,58,2,0.22,1,Afternoon,39.1,Medium
381,3,112,42,17,0.3,1,Afternoon,45.2,Medium
381,4,37,49,17,0.25,0,Afternoon,40.0,Medium
382,0,153,62,18,0.4,0,Afternoon,81.9,High
382,1,62,28,5,0.08,1,Morning,17.599999999999994,Low
382,2,83,35,11,0.24,0,Afternoon,45.699999999999996,Medium
383,0,161,8,19,0.38,1,Morning,47.9,Medium
383,1,70,95,12,0.4,0,Evening,67.8,High
383,2,67,111,18,0.08,1,Afternoon,57.5,Medium
384,0,54,47,5,0.3,0,Morning,40.0,Medium
384,1,49,43,3,0.4,0,Evening,37.1,Medium
385,0,179,24,14,0.15,0,Morning,70.39999999999999,High
385,1,135,84,2,0.01,0,Afternoon,74.99999999999999,High
385,2,97,87,19,0.14,1,Morning,57.900000000000006,Medium
385,3,10,79,11,0.1,1,Morning,25.0,Low
386,0,51,102,9,0.12,0,Evening,60.900000000000006,High
386,1,74,48,9,0.1,1,Morning,31.000000000000007,Medium
386,2,177,13,17,0.29,0,Morning,68.00000000000001,High
386,3,59,25,8,0.05,1,Evening,16.4,Low
386,4,115,89,13,0.28,1,Evening,63.099999999999994,High
387,0,154,44,0,0.35,1,Evening,52.3,Medium
387,1,57,5,12,0.35,1,Morning,12.399999999999999,Low
387,2,75,47,7,0.23,0,Morning,46.39999999999999,Medium
388,0,151,14,4,0.28,1,Evening,40.3,Medium
388,1,152,51,11,0.37,1,Morning,59.10000000000001,Medium
388,2,127,117,12,0.2,0,Evening,91.7,High
388,3,17,48,7,0.3,0,Morning,30.100000000000005,Medium
389,0,166,27,5,0.36,0,Afternoon,66.19999999999999,High
389,1,86,112,3,0.23,0,Morning,74.10000000000001,High
389,2,98,13,0,0.32,0,Evening,37.800000000000004,Medium
389,3,124,117,5,0.32,0,Afternoon,89.2,High
389,4,43,41,14,0.25,0,Afternoon,37.400000000000006,Medium
390,0,78,70,16,0.3,1,Afternoon,45.8,Medium
390,1,77,17,3,0.13,1,Morning,17.4,Low
390,2,46,100,6,0.32,0,Evening,59.4,Medium
390,3,145,111,15,0.32,0,Morning,97.10000000000001,High
391,0,10,64,6,0.32,0,Evening,34.2,Medium
391,1,151,77,9,0.04,0,Afternoon,80.1,High
392,0,88,18,1,0.32,0,Evening,37.2,Medium
392,1,71,67,6,0.36,1,Morning,39.1,Medium
392,2,168,116,4,0.23,0,Morning,100.7,High
392,3,159,110,10,0.14,1,Afternoon,82.1,High
393,0,132,80,4,0.17,1,Morning,59.89999999999999,Medium
393,1,176,32,8,0.13,1,Morning,55.099999999999994,Medium
393,2,23,106,1,0.05,1,Morning,35.2,Medium
393,3,24,85,4,0.22,0,Afternoon,45.00000000000001,Medium
393,4,68,96,8,0.36,1,Afternoon,50.60000000000001,Medium
394,0,119,104,3,0.28,1,Evening,66.3,High
394,1,98,77,15,0.2,0,Afternoon,68.2,High
394,2,161,65,4,0.2,0,Evening,77.89999999999999,High
394,3,105,64,16,0.07,1,Afternoon,49.2,Medium
395,0,172,92,10,0.19,0,Afternoon,94.30000000000001,High
395,1,111,92,8,0.33,1,Afternoon,61.599999999999994,High
395,2,135,33,18,0.12,1,Morning,47.10000000000001,Medium
395,3,71,8,7,0.05,0,Evening,27.8,Low
395,4,152,10,17,0.29,0,Afternoon,59.300000000000004,Medium
396,0,56,79,14,0.15,1,Afternoon,40.50000000000001,Medium
396,1,138,49,16,0.11,0,Afternoon,68.5,High
396,2,35,78,19,0.11,0,Evening,50.400000000000006,Medium
397,0,135,81,7,0.2,0,Evening,77.7,High
397,1,154,117,10,0.11,0,Afternoon,98.1,High
397,2,166,83,8,0.12,0,Evening,87.4,High
398,0,44,5,15,0.38,1,Afternoon,10.0,Low
398,1,106,109,4,0.22,1,Evening,64.2,High
398,2,12,79,14,0.1,1,Morning,26.800000000000004,Low
398,3,13,96,12,0.39,1,Morning,36.00000000000001,Medium
399,0,87,43,14,0.38,0,Afternoon,52.699999999999996,Medium
399,1,48,36,19,0.07,0,Evening,37.1,Medium
399,2,83,54,16,0.0,0,Evening,52.9,Medium
399,3,178,70,8,0.14,0,Morning,86.00000000000001,High
400,0,29,38,8,0.4,0,Afternoon,31.099999999999998,Medium
400,1,176,63,4,0.09,1,Afternoon,65.5,High
400,2,140,113,17,0.2,0,Afternoon,96.0,High
401,0,111,87,13,0.24,1,Evening,60.7,High
401,1,177,103,13,0.31,1,Evening,87.60000000000001,High
401,2,32,19,14,0.22,1,Evening,10.0,Low
401,3,45,9,5,0.15,1,Afternoon,5.600000000000001,Low
402,0,38,88,0,0.17,0,Morning,48.300000000000004,Medium
402,1,29,68,7,0.32,1,Morning,26.900000000000006,Low
403,0,25,116,19,0.24,0,Evening,63.900000000000006,High
403,1,92,98,17,0.14,0,Morning,75.0,High
403,2,160,62,4,0.12,0,Evening,75.6,High
404,0,64,88,13,0.4,0,Morning,63.60000000000001,High
404,1,62,107,0,0.37,1,Evening,50.10000000000001,Medium
405,0,73,94,18,0.07,0,Evening,67.4,High
405,1,147,86,19,0.25,0,Evening,88.6,High
405,2,125,100,5,0.0,1,Morning,64.5,High
405,3,102,17,13,0.22,0,Afternoon,44.800000000000004,Medium
405,4,47,53,15,0.1,1,Morning,27.300000000000004,Low
406,0,170,97,17,0.15,0,Morning,98.10000000000001,High
406,1,124,67,12,0.18,0,Morning,70.6,High
406,2,119,73,11,0.26,0,Morning,71.9,High
406,3,129,117,13,0.39,0,Afternoon,94.60000000000001,High
407,0,143,21,14,0.09,1,Morning,42.8,Medium
407,1,115,35,7,0.0,0,Afternoon,51.3,Medium
408,0,179,36,13,0.28,1,Afternoon,61.099999999999994,High
408,1,170,14,1,0.05,0,Morning,57.5,Medium
409,0,53,85,8,0.24,1,Evening,40.5,Medium
409,1,59,44,19,0.32,0,Afternoon,46.1,Medium
409,2,146,8,11,0.3,0,Evening,54.4,Medium
409,3,46,107,0,0.34,0,Morning,60.0,High
409,4,71,14,8,0.33,1,Evening,18.4,Low
410,0,134,99,4,0.15,0,Evening,82.89999999999999,High
410,1,120,45,14,0.37,0,Evening,63.300000000000004,High
410,2,96,97,11,0.03,0,Morning,72.3,High
410,3,83,103,7,0.21,0,Evening,70.99999999999999,High
411,0,134,50,8,0.3,1,Evening,51.400000000000006,Medium
411,1,47,85,8,0.39,0,Morning,55.2,Medium
412,0,136,63,19,0.29,0,Evening,76.5,High
412,1,12,49,10,0.29,0,Evening,30.1,Medium
413,0,126,46,10,0.27,0,Afternoon,62.900000000000006,High
413,1,57,91,18,0.32,0,Afternoon,63.900000000000006,High
413,2,75,82,13,0.03,1,Evening,45.800000000000004,Medium
413,3,47,14,4,0.02,1,Evening,6.5,Low
413,4,122,63,3,0.21,1,Evening,50.10000000000001,Medium
414,0,64,54,9,0.16,1,Evening,31.0,Medium
414,1,17,70,15,0.26,0,Morning,41.7,Medium
414,2,175,89,11,0.3,0,Morning,95.5,High
414,3,11,71,18,0.39,1,Afternoon,27.800000000000004,Low
414,4,22,113,9,0.19,0,Evening,57.300000000000004,Medium
415,0,53,37,9,0.04,1,Afternoon,19.699999999999996,Low
415,1,75,118,15,0.36,0,Morning,79.3,High
415,2,76,24,12,0.08,0,Morning,38.0,Medium
416,0,63,45,15,0.35,1,Morning,31.4,Medium
416,1,63,20,5,0.22,0,Evening,31.099999999999998,Medium
417,0,133,97,1,0.16,1,Morning,65.7,High
417,1,97,81,8,0.37,1,Evening,53.400000000000006,Medium
417,2,143,35,18,0.03,1,Morning,49.39999999999999,Medium
418,0,125,80,0,0.27,1,Afternoon,57.2,Medium
418,1,122,71,19,0.24,1,Morning,60.0,High
418,2,136,54,17,0.17,1,Evening,55.900000000000006,Medium
418,3,130,119,5,0.29,0,Morning,91.5,High
418,4,136,71,16,0.38,1,Evening,64.4,High
419,0,30,48,18,0.06,1,Morning,21.000000000000007,Low
419,1,67,63,19,0.18,1,Morning,39.699999999999996,Medium
420,0,113,116,5,0.16,0,Afternoon,83.9,High
420,1,139,35,15,0.08,1,Evening,47.49999999999999,Medium
421,0,151,54,16,0.38,0,Afternoon,77.10000000000001,High
421,1,27,37,17,0.3,0,Afternoon,32.7,Medium
421,2,16,107,4,0.4,0,Afternoon,53.2,Medium
422,0,79,95,1,0.28,0,Evening,64.9,High
422,1,102,61,10,0.26,0,Afternoon,61.6,High
422,2,53,67,3,0.26,0,Afternoon,46.50000000000001,Medium
423,0,128,41,18,0.08,0,Afternoon,62.8,High
423,1,116,31,1,0.23,1,Evening,34.89999999999999,Medium
423,2,59,81,14,0.13,1,Evening,41.99999999999999,Medium
423,3,173,34,13,0.22,1,Evening,57.900000000000006,Medium
424,0,138,106,7,0.26,0,Morning,89.2,High
424,1,16,12,0,0.15,0,Afternoon,11.100000000000001,Low
424,2,118,9,9,0.14,0,Evening,44.0,Medium
425,0,35,58,4,0.1,1,Morning,21.300000000000004,Low
425,1,58,14,10,0.31,1,Afternoon,15.100000000000001,Low
425,2,67,71,17,0.2,1,Morning,42.3,Medium
425,3,17,30,1,0.36,0,Evening,21.1,Low
426,0,104,21,5,0.29,0,Afternoon,44.5,Medium
426,1,25,10,12,0.04,1,Afternoon,1.6999999999999993,Low
426,2,145,26,6,0.19,1,Evening,43.199999999999996,Medium
427,0,138,21,5,0.37,0,Evening,55.5,Medium
427,1,114,101,11,0.28,1,Morning,66.8,High
427,2,113,25,11,0.04,0,Afternoon,48.699999999999996,Medium
427,3,107,24,6,0.37,0,Morning,47.800000000000004,Medium
428,0,120,5,11,0.18,1,Morning,29.199999999999996,Low
428,1,120,38,12,0.35,0,Afternoon,59.5,Medium
428,2,123,25,0,0.12,1,Evening,33.1,Medium
428,3,171,106,9,0.01,1,Morning,82.39999999999999,High
429,0,81,41,19,0.03,0,Evening,48.6,Medium
429,1,158,19,16,0.08,0,Morning,62.199999999999996,High
429,2,134,94,10,0.18,0,Afternoon,83.6,High
429,3,110,105,11,0.14,1,Afternoon,65.80000000000001,High
429,4,20,29,3,0.09,1,Morning,4.699999999999999,Low
430,0,92,14,16,0.26,1,Afternoon,27.199999999999996,Low
430,1,115,101,6,0.03,0,Afternoon,77.60000000000001,High
430,2,147,10,6,0.14,1,Morning,36.9,Medium
430,3,138,113,0,0.2,0,Afternoon,88.6,High
431,0,110,68,5,0.35,0,Morning,65.7,High
431,1,89,24,0,0.39,0,Evening,40.199999999999996,Medium
431,2,31,114,12,0.31,0,Afternoon,62.800000000000004,High
431,3,30,50,7,0.06,1,Morning,17.4,Low
431,4,72,8,8,0.01,1,Evening,13.099999999999998,Low
432,0,57,45,9,0.15,0,Evening,40.199999999999996,Medium
432,1,113,90,11,0.1,0,Morning,75.30000000000001,High
432,2,102,111,13,0.27,0,Afternoon,82.9,High
432,3,29,28,19,0.35,0,Evening,31.0,Medium
433,0,167,118,0,0.38,0,Afternoon,101.10000000000001,High
433,1,87,14,6,0.15,0,Evening,35.6,Medium
434,0,140,43,2,0.27,1,Morning,47.7,Medium
434,1,71,41,17,0.27,1,Afternoon,32.2,Medium
434,2,14,100,1,0.08,1,Evening,30.4,Medium
434,3,67,43,14,0.22,1,Afternoon,30.1,Medium
435,0,160,77,6,0.1,0,Evening,82.2,High
435,1,99,40,0,0.25,0,Afternoon,48.2,Medium
436,0,145,30,5,0.36,0,Morning,61.1,High
436,1,89,79,16,0.14,0,Evening,66.10000000000001,High
436,2,102,38,18,0.18,0,Morning,54.8,Medium
436,3,99,109,3,0.04,0,Evening,74.9,High
436,4,160,118,1,0.18,0,Morning,97.4,High
437,0,12,81,16,0.29,1,Morning,30.299999999999997,Medium
437,1,174,39,7,0.06,0,Morning,71.19999999999999,High
437,2,139,113,1,0.12,1,Afternoon,73.50000000000001,High
437,3,16,93,3,0.39,1,Afternoon,32.1,Medium
438,0,57,26,4,0.26,1,Afternoon,16.700000000000003,Low
438,1,97,10,9,0.3,1,Morning,24.699999999999996,Low
439,0,97,43,9,0.29,0,Afternoon,52.8,Medium
439,1,113,82,14,0.1,0,Afternoon,73.3,High
439,2,131,9,14,0.09,1,Evening,34.4,Medium
439,3,76,72,13,0.19,0,Evening,58.7,Medium
439,4,150,81,2,0.18,1,Evening,65.0,High
440,0,131,85,1,0.28,0,Morning,76.5,High
440,1,49,68,0,0.06,0,Afternoon,42.50000000000001,Medium
440,2,17,30,3,0.12,1,Morning,4.5,Low
440,3,155,52,19,0.05,1,Evening,60.39999999999999,High
440,4,36,8,12,0.21,0,Morning,20.900000000000002,Low
441,0,120,55,9,0.11,0,Evening,62.7,High
441,1,56,81,4,0.14,1,Afternoon,37.2,Medium
441,2,73,114,4,0.24,0,Afternoon,71.5,High
441,3,165,71,4,0.38,0,Morning,83.3,High
442,0,22,13,9,0.18,0,Morning,17.2,Low
442,1,155,42,4,0.13,0,Morning,66.19999999999999,High
442,2,63,25,11,0.02,0,Morning,33.5,Medium
442,3,75,84,6,0.2,0,Afternoon,60.5,High
442,4,147,107,13,0.31,0,Morning,95.2,High
443,0,63,91,19,0.09,1,Morning,48.8,Medium
443,1,90,98,10,0.03,1,Evening,55.5,Medium
443,2,159,103,0,0.32,1,Morning,77.10000000000001,High
443,3,100,69,11,0.07,1,Afternoon,47.7,Medium
443,4,94,78,9,0.34,0,Afternoon,66.4,High
444,0,31,74,17,0.26,0,Morning,48.300000000000004,Medium
444,1,42,26,16,0.35,0,Afternoon,32.9,Medium
445,0,133,115,0,0.13,1,Morning,72.2,High
445,1,64,28,1,0.36,0,Morning,34.4,Medium
445,2,110,84,6,0.33,1,Morning,57.3,Medium
445,3,14,91,17,0.23,1,Afternoon,34.7,Medium
445,4,153,26,10,0.06,0,Morning,60.9,High
446,0,10,118,19,0.05,0,Evening,58.300000000000004,Medium
446,1,88,49,7,0.33,0,Evening,52.099999999999994,Medium
446,2,132,117,4,0.36,0,Morning,91.6,High
447,0,32,104,12,0.11,0,Afternoon,57.1,Medium
447,1,44,41,4,0.16,1,Morning,17.800000000000004,Low
447,2,63,91,16,0.23,1,Evening,48.99999999999999,Medium
447,3,113,52,5,0.02,1,Morning,41.900000000000006,Medium
448,0,83,17,13,0.26,0,Morning,39.5,Medium
448,1,33,82,2,0.12,1,Evening,29.700000000000003,Low
449,0,164,25,3,0.23,1,Evening,47.699999999999996,Medium
449,1,64,102,18,0.25,1,Afternoon,54.7,Medium
450,0,33,47,1,0.37,0,Morning,32.800000000000004,Medium
450,1,16,30,9,0.23,1,Morning,7.700000000000003,Low
451,0,167,39,3,0.37,0,Afternoon,70.60000000000001,High
451,1,165,40,9,0.22,0,Morning,71.3,High
451,2,151,84,18,0.25,1,Evening,73.60000000000001,High
452,0,43,11,17,0.21,0,Afternoon,26.200000000000003,Low
452,1,140,57,8,0.15,1,Morning,54.5,Medium
452,2,61,55,16,0.27,0,Morning,49.4,Medium
452,3,163,6,6,0.08,1,Evening,39.49999999999999,Medium
452,4,139,37,12,0.24,0,Afternoon,63.699999999999996,High
453,0,161,112,3,0.2,1,Evening,81.3,High
453,1,21,22,12,0.05,1,Evening,5.400000000000002,Low
453,2,55,92,4,0.19,0,Afternoon,56.800000000000004,Medium
454,0,176,61,19,0.04,0,Evening,85.2,High
454,1,127,78,11,0.24,1,Evening,61.10000000000002,High
454,2,69,56,8,0.28,0,Afternoon,49.1,Medium
455,0,58,76,8,0.27,1,Evening,38.7,Medium
455,1,45,41,11,0.18,0,Morning,36.1,Medium
456,0,55,67,8,0.35,1,Afternoon,35.0,Medium
456,1,126,97,11,0.12,1,Evening,67.2,High
456,2,163,74,11,0.39,1,Afternoon,71.80000000000001,High
457,0,139,61,13,0.24,0,Afternoon,73.7,High
457,1,134,20,16,0.32,0,Evening,57.8,Medium
457,2,155,62,16,0.16,0,Afternoon,79.3,High
457,3,45,67,17,0.26,0,Morning,49.699999999999996,Medium
457,4,163,106,8,0.12,0,Evening,95.70000000000002,High
458,0,128,109,12,0.28,1,Morning,74.6,High
458,1,67,109,3,0.29,0,Morning,67.80000000000001,High
459,0,104,40,2,0.12,1,Evening,34.2,Medium
459,1,40,19,13,0.39,0,Evening,28.700000000000003,Low
459,2,132,13,10,0.19,0,Afternoon,50.7,Medium
460,0,19,71,9,0.27,1,Morning,25.400000000000006,Low
460,1,65,6,5,0.34,1,Afternoon,12.299999999999997,Low
460,2,63,41,13,0.16,0,Evening,42.1,Medium
460,3,148,60,15,0.39,0,Morning,78.30000000000001,High
460,4,141,31,1,0.01,0,Afternoon,55.199999999999996,Medium
461,0,45,55,0,0.09,1,Evening,21.4,Low
461,1,158,81,0,0.31,0,Evening,82.89999999999999,High
461,2,140,50,3,0.37,1,Afternoon,51.900000000000006,Medium
461,3,70,100,14,0.3,0,Evening,69.6,High
461,4,111,43,12,0.01,0,Morning,55.4,Medium
462,0,92,64,12,0.18,0,Afternoon,59.8,Medium
462,1,160,94,19,0.05,0,Morning,93.69999999999999,High
462,2,123,47,13,0.12,1,Evening,47.10000000000001,Medium
462,3,147,106,16,0.35,1,Evening,81.4,High
463,0,85,81,1,0.05,0,Morning,58.8,Medium
463,1,52,32,6,0.0,1,Afternoon,15.799999999999997,Low
463,2,121,41,5,0.06,0,Afternoon,55.300000000000004,Medium
463,3,166,58,13,0.06,0,Evening,78.8,High
464,0,37,50,12,0.17,0,Morning,37.60000000000001,Medium
464,1,15,39,4,0.33,0,Morning,25.000000000000004,Low
464,2,168,41,6,0.24,0,Evening,71.60000000000001,High
464,3,58,88,18,0.35,0,Afternoon,63.300000000000004,High
464,4,139,53,12,0.03,0,Afternoon,68.0,High
465,0,68,23,17,0.09,0,Morning,37.300000000000004,Medium
465,1,41,80,0,0.14,0,Morning,45.699999999999996,Medium
465,2,70,9,16,0.31,0,Evening,34.1,Medium
466,0,25,98,8,0.38,1,Afternoon,38.7,Medium
466,1,140,111,14,0.1,0,Afternoon,93.0,High
466,2,111,21,12,0.28,0,Evening,49.3,Medium
466,3,82,62,10,0.39,0,Morning,57.3,Medium
466,4,176,108,1,0.37,1,Morning,85.10000000000001,High
467,0,100,104,11,0.26,1,Afternoon,63.599999999999994,High
467,1,16,100,8,0.26,0,Morning,50.6,Medium
467,2,165,22,0,0.05,1,Evening,43.8,Medium
467,3,99,103,13,0.18,0,Afternoon,77.9,High
467,4,132,99,11,0.19,1,Afternoon,70.50000000000001,High
468,0,149,29,15,0.16,1,Afternoon,48.9,Medium
468,1,13,69,9,0.38,0,Afternoon,38.9,Medium
468,2,126,9,14,0.03,1,Afternoon,32.3,Medium
468,3,60,96,6,0.16,1,Morning,45.400000000000006,Medium
469,0,138,118,0,0.1,0,Afternoon,89.6,High
469,1,24,67,3,0.16,0,Afternoon,36.800000000000004,Medium
469,2,12,31,5,0.18,0,Afternoon,19.8,Low
470,0,21,30,14,0.21,1,Evening,11.000000000000004,Low
470,1,56,61,9,0.08,0,Evening,45.6,Medium
470,2,82,12,18,0.33,1,Morning,24.9,Low
470,3,128,42,3,0.04,1,Morning,41.800000000000004,Medium
470,4,158,59,13,0.31,1,Afternoon,64.3,High
471,0,134,20,18,0.31,0,Afternoon,58.5,Medium
471,1,172,40,6,0.34,0,Morning,73.4,High
472,0,19,45,5,0.08,1,Afternoon,11.5,Low
472,1,101,24,2,0.11,1,Morning,26.799999999999997,Low
472,2,148,47,4,0.1,0,Morning,65.8,High
472,3,46,39,13,0.05,0,Evening,35.1,Medium
473,0,68,73,12,0.09,1,Morning,40.300000000000004,Medium
473,1,125,117,14,0.07,0,Evening,90.60000000000001,High
473,2,117,68,7,0.0,0,Morning,65.10000000000001,High
473,3,163,111,5,0.27,1,Afternoon,83.00000000000001,High
473,4,144,53,8,0.11,0,Morning,68.7,High
474,0,50,99,3,0.19,1,Afternoon,42.7,Medium
474,1,37,38,16,0.16,0,Afternoon,34.300000000000004,Medium
475,0,72,16,7,0.27,0,Morning,33.5,Medium
475,1,21,34,12,0.36,1,Evening,13.300000000000004,Low
475,2,170,5,8,0.15,1,Afternoon,42.7,Medium
475,3,53,60,9,0.13,0,Evening,44.8,Medium
475,4,158,92,17,0.31,1,Evening,79.1,High
476,0,127,9,9,0.31,0,Morning,48.400000000000006,Medium
476,1,104,9,18,0.09,1,Morning,27.9,Low
476,2,72,43,1,0.07,1,Afternoon,24.9,Low
476,3,70,33,11,0.36,1,Afternoon,27.200000000000003,Low
477,0,51,57,17,0.21,1,Evening,32.00000000000001,Medium
477,1,113,77,17,0.16,1,Morning,58.099999999999994,Medium
477,2,144,101,8,0.38,1,Evening,75.6,High
477,3,103,10,14,0.32,0,Morning,43.7,Medium
478,0,70,48,9,0.06,1,Afternoon,29.400000000000006,Low
478,1,96,70,9,0.37,1,Evening,49.099999999999994,Medium
478,2,77,41,0,0.2,0,Evening,41.5,Medium
478,3,52,92,10,0.19,0,Evening,58.300000000000004,Medium
479,0,153,36,2,0.08,0,Morning,61.89999999999999,High
479,1,24,46,2,0.28,1,Afternoon,14.200000000000003,Low
480,0,151,110,9,0.17,1,Morning,79.6,High
480,1,160,11,5,0.22,0,Afternoon,56.6,Medium
480,2,78,44,15,0.23,1,Morning,34.3,Medium
480,3,153,33,15,0.18,0,Morning,66.89999999999999,High
480,4,44,45,3,0.32,1,Afternoon,20.6,Low
481,0,30,19,0,0.15,0,Evening,18.1,Low
481,1,105,94,5,0.19,1,Morning,58.0,Medium
481,2,87,110,7,0.01,0,Afternoon,72.99999999999999,High
481,3,102,9,16,0.11,0,Morning,41.699999999999996,Medium
482,0,149,114,4,0.2,0,Evening,93.89999999999999,High
482,1,80,114,10,0.13,0,Morning,74.89999999999999,High
483,0,137,50,13,0.03,1,Afternoon,51.599999999999994,Medium
483,1,146,119,13,0.1,0,Morning,97.60000000000001,High
484,0,43,76,2,0.1,0,Afternoon,45.1,Medium
484,1,179,80,15,0.01,0,Afternoon,91.79999999999998,High
484,2,93,72,2,0.31,0,Afternoon,60.6,High
484,3,100,81,9,0.2,0,Evening,68.0,High
484,4,88,62,6,0.19,1,Evening,40.5,Medium
485,0,61,97,18,0.15,1,Morning,50.80000000000001,Medium
485,1,171,113,7,0.14,0,Evening,100.7,High
485,2,163,51,2,0.23,0,Evening,72.39999999999999,High
486,0,80,37,14,0.16,1,Afternoon,31.0,Medium
486,1,109,36,14,0.2,1,Morning,39.699999999999996,Medium
486,2,50,51,17,0.3,1,Evening,30.200000000000003,Medium
486,3,63,58,15,0.37,1,Afternoon,36.800000000000004,Medium
486,4,25,115,14,0.27,0,Evening,61.800000000000004,High
487,0,110,30,8,0.16,0,Evening,49.800000000000004,Medium
487,1,92,118,0,0.04,0,Evening,75.2,High
487,2,156,84,7,0.18,0,Evening,85.0,High
488,0,98,23,1,0.22,0,Evening,41.2,Medium
488,1,44,6,17,0.38,0,Morning,26.2,Low
488,2,158,58,4,0.08,1,Afternoon,57.999999999999986,Medium
488,3,80,74,4,0.38,1,Evening,44.0,Medium
488,4,44,70,4,0.05,1,Evening,28.300000000000004,Low
489,0,57,16,9,0.31,0,Evening,30.200000000000003,Medium
489,1,121,45,4,0.21,0,Morning,58.0,Medium
490,0,116,66,16,0.28,0,Evening,70.4,High
490,1,62,38,1,0.19,1,Morning,21.099999999999994,Low
491,0,44,115,16,0.3,1,Evening,53.60000000000001,Medium
491,1,89,83,0,0.12,0,Morning,61.10000000000001,High
491,2,127,25,18,0.26,0,Morning,57.900000000000006,Medium
491,3,17,95,16,0.01,1,Afternoon,34.6,Medium
492,0,65,35,15,0.08,1,Evening,25.299999999999997,Low
492,1,155,81,18,0.31,1,Evening,74.2,High
492,2,31,47,12,0.08,1,Morning,18.700000000000003,Low
492,3,11,77,19,0.31,0,Afternoon,44.800000000000004,Medium
493,0,109,24,5,0.35,1,Afternoon,32.8,Medium
493,1,23,70,3,0.24,0,Afternoon,38.5,Medium
493,2,175,73,8,0.22,1,Evening,72.10000000000001,High
494,0,56,119,0,0.09,1,Morning,50.30000000000001,Medium
494,1,27,47,14,0.05,1,Evening,18.0,Low
495,0,113,40,18,0.07,0,Afternoon,57.800000000000004,Medium
495,1,124,73,3,0.0,0,Afternoon,67.60000000000001,High
496,0,51,60,9,0.15,0,Evening,44.4,Medium
496,1,165,99,15,0.28,1,Morning,82.89999999999999,High
497,0,65,114,10,0.03,1,Evening,54.39999999999999,Medium
497,1,165,73,14,0.29,0,Morning,87.2,High
497,2,44,113,18,0.3,0,Afternoon,68.60000000000001,High
497,3,85,107,15,0.24,0,Morning,76.70000000000002,High
498,0,90,112,16,0.12,1,Afternoon,64.40000000000002,High
498,1,161,44,8,0.11,0,Evening,70.2,High
499,0,42,47,15,0.02,0,Morning,37.6,Medium
499,1,121,110,12,0.2,0,Afternoon,87.1,High
499,2,112,69,13,0.35,1,Afternoon,54.900000000000006,Medium
500,0,90,86,17,0.06,1,Afternoon,53.8,Medium
500,1,30,55,6,0.16,0,Morning,35.0,Medium
500,2,72,29,10,0.14,1,Evening,23.6,Low
500,3,146,57,2,0.16,0,Evening,68.99999999999999,High
500,4,95,91,17,0.07,0,Afternoon,72.4,High
